<favourites>
	<favourite name="Gratis online TV Streams, AFK-Software heeft geen invloed op de werking hiervan." thumb="">noop</favourite>
	<favourite name="Wilt u meer zenders informeer eens naar IPTV." thumb="">noop</favourite>
	<favourite name="Nederlandse streams" thumb="special://skin/logos/nl.png">ActivateWindow(10025,&quot;plugin://plugin.video.nederland24/&quot;)</favourite>
	<favourite name="UK streams" thumb="special://skin/logos/uk.png">ActivateWindow(10025,&quot;plugin://plugin.video.F.T.V/?ch_fanart=uk-live-tv&amp;description=14%2c3698%2c1309%2c27%2c3227%2c3166%2c361%2c25%2c1666%2c113%2c103%2c11%2c1817%2c67%2c1820%2c26%2c1823%2c101%2c1826%2c3211%2c2%2c65%2c97%2c22%2c851%2c845%2c370%2c2707%2c372%2c1039%2c371%2c1808%2c1811%2c1805%2c1952%2c3707%2c1711%2c2696&amp;mode=123&amp;name=UK%20LIVE%20TV&amp;url=5&quot;,return)</favourite>
	<favourite name="US streams" thumb="special://skin/logos/us.png">ActivateWindow(10025,&quot;plugin://plugin.video.phstreams/?action=directory&amp;url=http%3a%2f%2fphoenixtv.offshorepastebin.com%2ftv%2fmain.xml&quot;)</favourite>
	<favourite name="Duitse streams" thumb="special://skin/logos/ger.png">ActivateWindow(10025,&quot;plugin://plugin.video.F.T.V/?ch_fanart=german-tv&amp;description=360%2c359%2c2756%2c2759%2c2762%2c2903%2c424%2c415%2c421%2c418%2c354%2c355&amp;mode=123&amp;name=GERMAN%20TV&amp;url=26&quot;)</favourite>
	<favourite name="Franse streams" thumb="special://skin/logos/fr.png">ActivateWindow(10025,&quot;plugin://plugin.video.Test/?&amp;mode=53&amp;name=FRENCH%20TV&amp;url=plugin%3a%2f%2fplugin.video.SportsDevil%2f%3fmode%3d1%26item%3durl.tmp%253D%25252Fgroup%25252Ffrench-tv%2526title%253DFRENCH%252BTV%2526url%253Dhttp%25253A%25252F%25252Fwww.filmon.com%25252Fgroup%25252Ffrench-tv%2526cfg%253Dfilmon.com.cfg%252540Channels%2526definedIn%253Dcustoms%25252Ffilmon.com.cfg%2526director%253Dfilmon.com%2526genre%253DLive%252BTV%2526type%253Drss%2526icon%253Dhttp%25253A%25252F%25252Fstatic.filmon.com%25252Fassets%25252Fgroups%25252F27%25252Fbig_logo.png&quot;)</favourite>
	<favourite name="Italiaanse streams" thumb="special://skin/logos/it.png">ActivateWindow(10025,&quot;plugin://plugin.video.F.T.V/?ch_fanart=italian-tv&amp;description=445%2c2912%2c379%2c463&amp;mode=123&amp;name=ITALIAN%20TV&amp;url=30&quot;)</favourite>
	<favourite name="Arabisch streams" thumb="special://skin/logos/ar.png">ActivateWindow(10025,&quot;plugin://plugin.video.Test/?&amp;mode=1&amp;url=http%3a%2f%2fpastebin.com%2fraw.php%3fi%3dFPNdHNuY&quot;)</favourite>
	<favourite name="Turkse streams" thumb="special://skin/logos/tr.png">ActivateWindow(10025,&quot;plugin://plugin.video.ukturk/&quot;)</favourite>
	<favourite name="Spaanse streams" thumb="special://skin/logos/es.png">ActivateWindow(10025,&quot;plugin://plugin.video.Test/?&amp;mode=1&amp;url=http%3a%2f%2fpastebin.com%2fraw.php%3fi%3d9grE8qJV&quot;)</favourite>
	<favourite name="Categorieen" thumb="special://skin/logos/categorie.png">ActivateWindow(10025,&quot;plugin://plugin.video.veetle/?categories&quot;)</favourite>
	<favourite name="Meer bekijken" thumb="special://skin/logos/meer.png">ActivateWindow(10025,&quot;plugin://plugin.video.F.T.V/?&quot;)</favourite>
</favourites>