<?xml version="1.0" encoding="UTF-8"?>
<addon id="repository.thealpha" name="[COLOR limegreen]The Alpha Repository[/COLOR]" version="1.0.5" provider-name="The Alpha">
<extension point="xbmc.addon.repository" name="[COLOR red]TheAlpha Repository[/COLOR]">
		<info compressed="false">http://streamaddons.com/Devs/TheAlpha/Repository/plugins/addons.xml</info>
		<checksum>http://streamaddons.com/Devs/TheAlpha/Repository/plugins/addons.xml.md5</checksum>
		<datadir zip="true">http://streamaddons.com/Devs/TheAlpha/Repository/plugins/</datadir>
	</extension>
	<extension point="xbmc.addon.metadata">
		<summary>3rd Party Addons </summary>
		<description>The Alpha Repository</description>
		<platform>all</platform>
	</extension>
</addon>