<addon id="plugin.video.salts" version="2.0.197" name="Stream All The Sources" provider-name="k3l3vra">
    <requires>
        <import addon="xbmc.python" version="2.19.0"/>
        <import addon="script.module.urlresolver" version="3.0.0"/>
        <import addon="script.module.myconnpy" version="1.1.6" />
        <import addon="script.module.tknorris.shared" version="0.0.19"/>
        <import addon="script.module.six"/>
        <import addon="script.module.dateutil"/>
        <import addon="script.module.image_cache" version="0.0.1" optional="true"/>
    </requires>
    <extension point="xbmc.python.pluginsource" library="default.py">
        <provides>video</provides>
    </extension>
     <extension point="xbmc.service" library="service.py" start="startup"/>
    <extension point="xbmc.addon.metadata">
        <summary>Last Version Made From The TVA Guys</summary>
        <description>Last Version Made From The TVA Guys, trying to fix the install fail probs some are getting        
        </description>
        <platform>all</platform>
	</extension>
</addon>