<favourites>
	<favourite name="Laatste HD releases" thumb="special://skin/logos/nieuw.png">ActivateWindow(10025,&quot;plugin://plugin.video.phstreams/?action=directory&amp;url=http%3a%2f%2fphoenixtv.offshorepastebin.com%2freleases%2fmain.xml&quot;)</favourite>
	<favourite name="Disney Collectie" thumb="special://skin/logos/disney.png">ActivateWindow(10025,&quot;plugin://plugin.video.phstreams/?action=directory&amp;url=http%3a%2f%2fone242415.offshorepastebin.com%2fDisne%2fDisne_Directory.xml&quot;)</favourite>
	<favourite name="Hallmark Collectie" thumb="special://skin/logos/hallmark.png">ActivateWindow(10025,&quot;plugin://plugin.video.phstreams/?action=directory&amp;content=0&amp;url=http%3a%2f%2fone242415.offshorepastebin.com%2fDiva%2fHallmark.xml&quot;)</favourite>
    <favourite name="4K & DTS Films/Series" thumb="http://viewsonicglobal.com/public/upimgs/4K%20Ultra%20HD_logo_Full%20Color(1).png">ActivateWindow(10025,&quot;plugin://plugin.program.super.favourites/?label=4k&amp;mode=400&amp;path=special%3A%2F%2Fhome%2Faddons%2Fplugin.video.afkmenu%2Fmenu%5CSuper+Favourites%5Cmappen%5C4k&amp;sf_options=winID%3D10025%26desc%3DReal+Debrid+Account+nodig!+meer+info:+goo.gl/GXrW8V.%26_options_sf&quot;)</favourite>
</favourites>