<favourites>
	<favourite name="SEBN.SC" thumb="special://skin/logos/sports.jpg">ActivateWindow(10025,&quot;plugin://plugin.video.SportsDevil/?item=title%3dSattekopies%26url%3dtv%252Fsattekopies.cfg%26definedIn%3dtv.cfg%26director%3dsattekopies%26genre%3dTV%26type%3drss%26icon%3dhttp%253A%252F%252Fakfe.nl%252Fwaf%252Fkroonprins%252FNVA%252FPics%252FHeinzNVA.gif&amp;mode=1&amp;sf_options=desc%3DNL/BE+Kanalen+|+Kijk+op+www.sebn.sc+wat+er+op+welke+stream+wordt+uitgezonden.%26_options_sf&quot;)</favourite>
	<favourite name="Hesgoals.sc" thumb="special://skin/logos/sports.jpg">ActivateWindow(10025,&quot;plugin://plugin.video.jericho/?fanart=%2fstorage%2f.kodi%2faddons%2fplugin.video.jericho%2ffanart.jpg&amp;mode=244&amp;name=Hesgoals.sc&amp;url&amp;sf_options=winID%3D10025%26desc%3DVoetbal+|+F1%26_options_sf&quot;)</favourite>
    <favourite name="Bundesliga-Streams.net" thumb="special://skin/logos/sports.jpg">ActivateWindow(10025,&quot;plugin://plugin.video.SportsDevil/?item=title%3dBundesliga-Streams.net%26url%3dlivesports%252Fbundesliga-streams.net.cfg%26definedIn%3dlivesports.cfg%26director%3dbundesliga-streams.net%26genre%3dLive%2bSports%26type%3drss%26icon%3d%252Fstorage%252F.kodi%252Faddons%252Fplugin.video.SportsDevil%252Fresources%252Fimages%252Fbundesligastream.png&amp;mode=1&amp;sf_options=winID%3D10025%26desc%3DVoetbal%26_options_sf&quot;)</favourite>
    <favourite name="LiveTV.ru" thumb="special://skin/logos/sports.jpg">ActivateWindow(10025,&quot;plugin://plugin.video.SportsDevil/?item=title%3dLiveTV.ru%26url%3dlivesports%252Flivetv.ru.cfg%26definedIn%3dlivesports.cfg%26director%3dLiveTV.ru%26genre%3dLive%2bSports%26type%3drss%26icon%3d%252Fstorage%252F.kodi%252Faddons%252Fplugin.video.SportsDevil%252Fresources%252Fimages%252Flivetv_ru.png&amp;mode=1&amp;sf_options=winID%3D10025%26desc%3DVoetbal+|+F1%26_options_sf&quot;)</favourite>
    <favourite name="IpBox Sports " thumb="special://skin/logos/sports.jpg">ActivateWindow(10025,&quot;plugin://plugin.video.ZemTV-shani/?mode=55&amp;name=IpBox%20sports%20Using%20TSDownloader%20and%20HLS&amp;url=mpegts&amp;sf_options=winID%3D10025%26desc%3DDiv.+kanalen%26_options_sf&quot;)</favourite>
    <favourite name="Paktv Sports" thumb="special://skin/logos/sports.jpg">ActivateWindow(10025,&quot;plugin://plugin.video.ZemTV-shani/?mode=52&amp;name=Paktv%20sports&amp;url=sss&amp;sf_options=winID%3D10025%26desc%3DDiv.+Kanalen%26_options_sf&quot;)</favourite>
    <favourite name="Pi Sports" thumb="special://skin/logos/sports.jpg">ActivateWindow(10025,&quot;plugin://plugin.video.ZemTV-shani/?mode=71&amp;name=Pi%20sports&amp;url=sss&amp;sf_options=desc%3DDiv.+Kanalen%26_options_sf&quot;)</favourite>
</favourites>