<favourites>
   <favourite name="Covenant Films" thumb="special://home/addons/plugin.video.afkmenu/logos/covenant.png">ActivateWindow(10025,&quot;plugin://plugin.program.super.favourites/?label=Covenant&amp;mode=400&amp;path=special%3A%2F%2Fhome%2Faddons%2Fplugin.video.afkmenu%2Fmenu%5CSuper+Favourites%5Cmappen%5Ccovenant&amp;sf_options=winID%3D10025%26desc%3DFilms+kijken+via+Covenant+Addon%26_options_sf&quot;)</favourite>
   <favourite name="Trakt" thumb="special://home/addons/plugin.video.afkmenu/logos/covenanttrakt.png">ActivateWindow(10025,&quot;plugin://plugin.program.super.favourites/?label=TraktCovenant&amp;mode=400&amp;path=special%3A%2F%2Fhome%2Faddons%2Fplugin.video.afkmenu%2Fmenu%5CSuper+Favourites%5Cmappen%5Ctraktcovenant&amp;sf_options=winID%3D10025%26desc%3DCovenant%26_options_sf&quot;)</favourite>
   <favourite name="Exodus Films" thumb="special://home/addons/plugin.video.afkmenu/logos/exodus.png">ActivateWindow(10025,&quot;plugin://plugin.program.super.favourites/?label=Exodus&amp;mode=400&amp;path=special%3A%2F%2Fhome%2Faddons%2Fplugin.video.afkmenu%2Fmenu%5CSuper+Favourites%5Cmappen%5Cexodus&amp;sf_options=winID%3D10025%26desc%3DFilms+kijken+via+Exodus+Addon%26_options_sf&quot;)</favourite>
   <favourite name="Trakt" thumb="special://home/addons/plugin.video.afkmenu/logos/exodustrakt.png">ActivateWindow(10025,&quot;plugin://plugin.program.super.favourites/?label=TraktExodus&amp;mode=400&amp;path=special%3A%2F%2Fhome%2Faddons%2Fplugin.video.afkmenu%2Fmenu%5CSuper+Favourites%5Cmappen%5Ctraktexodus&amp;sf_options=winID%3D10025%26desc%3DExodus%26_options_sf&quot;)</favourite>
   <favourite name="Salts Films" thumb="special://home/addons/plugin.video.afkmenu/logos/salts.png">ActivateWindow(10025,&quot;plugin://plugin.program.super.favourites/?label=Salts&amp;mode=400&amp;path=special%3A%2F%2Fhome%2Faddons%2Fplugin.video.afkmenu%2Fmenu%5CSuper+Favourites%5Cmappen%5Csalts&amp;sf_options=winID%3D10025%26desc%3DFilms+kijken+via+Salts+Addon%26_options_sf&quot;)</favourite>
   <favourite name="Trakt" thumb="special://home/addons/plugin.video.afkmenu/logos/saltstrakt.png">ActivateWindow(10025,&quot;plugin://plugin.program.super.favourites/?label=TraktSalts&amp;mode=400&amp;path=special%3A%2F%2Fhome%2Faddons%2Fplugin.video.afkmenu%2Fmenu%5CSuper+Favourites%5Cmappen%5Ctraktsalts&amp;sf_options=winID%3D10025%26desc%3DSalts%26_options_sf&quot;)</favourite>
   <favourite name="Specto Films" thumb="special://home/addons/plugin.video.afkmenu/logos/specto.png">ActivateWindow(10025,&quot;plugin://plugin.program.super.favourites/?label=Specto&amp;mode=400&amp;path=special%3A%2F%2Fhome%2Faddons%2Fplugin.video.afkmenu%2Fmenu%5CSuper+Favourites%5Cmappen%5Cspecto&amp;sf_options=winID%3D10025%26desc%3DFilms+kijken+via+Specto+Addon%26_options_sf&quot;)</favourite>
   <favourite name="Trakt" thumb="special://home/addons/plugin.video.afkmenu/logos/spectotrakt.png">ActivateWindow(10025,&quot;plugin://plugin.program.super.favourites/?label=TraktSpecto&amp;mode=400&amp;path=special%3A%2F%2Fhome%2Faddons%2Fplugin.video.afkmenu%2Fmenu%5CSuper+Favourites%5Cmappen%5Ctraktspecto&amp;sf_options=winID%3D10025%26desc%3DSpecto%26_options_sf&quot;)</favourite>
   <favourite name="HD Collecties" thumb="special://home/addons/plugin.video.afkmenu/logos/hdcollecties.png">ActivateWindow(10025,&quot;plugin://plugin.program.super.favourites/?label=HD-Collectie&amp;mode=400&amp;path=special%3A%2F%2Fhome%2Faddons%2Fplugin.video.afkmenu%2Fmenu%5CSuper+Favourites%5Cmappen%5Chdcollecties&amp;sf_options=winID%3D10025%26desc%3DDiverse+HD+Collecties%26_options_sf&quot;)</favourite>
   <favourite name="3D Films" thumb="special://skin/logos/3D.png">ActivateWindow(10025,&quot;plugin://plugin.video.Drstream/?action=directory&amp;content=0&amp;url=http%3a%2f%2fwolfpackcrew.co.uk%2fseeddata%2fmorepower%2f3Dmovies.xml&amp;sf_options=winID%3D10025%26desc%3DDiverse+3D+Films+(Side+By+Side)%26_options_sf&quot;)</favourite>
   <favourite name="">noop</favourite>
   <favourite name="Nederlands Gesproken" thumb="special://home/addons/plugin.video.nlplks/logos/icon.png">ActivateWindow(10025,&quot;plugin://plugin.program.super.favourites/?label=Salts&amp;mode=400&amp;path=special%3A%2F%2Fhome%2Faddons%2Fplugin.video.afkmenu%2Fmenu%5CSuper+Favourites%5Cmappen%5Cdutch&amp;sf_options=winID%3D10025%26desc%3DEnkele+NL+gesproken+films%26_options_sf&quot;)</favourite>
</favourites>