<?xml version="1.0" encoding="utf-8"?>
<window>
    <allowoverlays>false</allowoverlays>
    <controls>
        <control type="videowindow" id="2">
            <posx>350</posx>
            <posy>150</posy>
            <width>600</width>
            <height>600</height>
            <aspectratio>keep</aspectratio>
            <visible>Player.HasVideo</visible>
            <visible>!Control.IsVisible(10)</visible>
            <animation effect="zoom" start="0%" center="auto" end="100%" time="900" >VisibleChange</animation>
            <animation effect="zoom" start="100%" end="0%" time="900" condition="!Player.HasVideo" >VisibleChange</animation>
        </control>
        <control type="image" id="10">
            <left>0</left>
            <top>-205</top>
            <width>1300</width>
            <height>33</height>
            <texture></texture>
        </control>
        <control type="image" id="14">
            <left>0</left>
            <top>-205</top>
            <width>1300</width>
            <height>33</height>
            <texture></texture>
        </control>
        <control type="videowindow" id="9">
            <posx>0</posx>
            <posy>-100</posy>
            <width>1300</width>
            <height>900</height>
            <aspectratio>keep</aspectratio>
            <align>center</align>
            <visible>Control.IsVisible(10)</visible>
            <animation effect="zoom" start="0%" center="auto" end="100%" time="900" >VisibleChange</animation>
            <animation effect="zoom" start="100%" end="0%" time="900" condition="!Player.HasVideo" >VisibleChange</animation>
        </control>    
        <control type="button" id="4">
            <posx>350</posx>
            <posy>280</posy>
            <width>600</width>
            <height>350</height>
            <visible>Player.HasVideo</visible>
            <texturefocus></texturefocus>
            <texturenofocus></texturenofocus>
            <visible>!Control.IsVisible(10)</visible>
            <aspectratio>keep</aspectratio>
        </control>
        <control type="button" id="15">
            <posx>0</posx>
            <posy>0</posy>
            <width>1300</width>
            <height>900</height>
            <visible>Player.HasVideo</visible>
            <texturefocus></texturefocus>
            <align>center</align>
            <texturenofocus></texturenofocus>
            <visible>Control.IsVisible(10)</visible>
            <aspectratio>keep</aspectratio>
        </control>
        <control type="label" id="1">
            <left>140</left>
            <top>280</top>
            <width>800</width>
            <height>25</height>
            <align>right</align>
            <aligny>center</aligny>
            <font>font12</font>
            <textcolor>red</textcolor>
            <shadowcolor>black</shadowcolor>
            <visible>!Control.IsVisible(10)</visible>
            <visible>!Control.IsVisible(14)</visible>
            <label>$INFO[VideoPlayer.TimeRemaining]</label>
            <animation effect="fade" start="0" end="100" center="auto"  time="900" delay="1100" condition="Player.Playing">Conditional</animation>
            <animation effect="slide" start="-200" end="0" center="auto"  time="900" delay="1100" condition="Player.Playing">Conditional</animation>
        </control>
        <control type="label" id="11">
            <left>465</left>
            <top>10</top>
            <width>800</width>
            <height>25</height>
            <align>right</align>
            <aligny>center</aligny>
            <font>font12</font>
            <textcolor>red</textcolor>
            <shadowcolor>black</shadowcolor>
            <visible>Control.IsVisible(10)</visible>
            <visible>!Control.IsVisible(14)</visible>
            <label>$INFO[VideoPlayer.TimeRemaining]</label>
            <animation effect="fade" start="0" end="100" center="auto"  time="900" delay="1100" condition="Player.Playing">Conditional</animation>
            <animation effect="slide" start="-200" end="0" center="auto"  time="900" delay="1100" condition="Player.Playing">Conditional</animation>
        </control>
        <control type="group" id="5">
            <top>200</top>
            <visible>[Player.HasVideo]</visible>
            <visible>Control.IsVisible(14)</visible>
            <visible>!Control.IsVisible(10)</visible>
            <description>bottom bar</description>
            <animation type="Visible">
                <effect type="fade" time="200" end="100"/>
                <effect type="slide" time="200" start="0,98" end="0,0" tween="cubic"/>
            </animation>
            <animation type="Hidden">
                <effect type="fade" time="200" start="100" end="0"/>
                <effect type="slide" time="200" end="0,98" easing="in" tween="cubic"/>
            </animation>
            <animation type="WindowOpen">
                <effect type="fade" time="200" end="100"/>
                <effect type="slide" time="200" start="0,98" end="0,0" tween="cubic"/>
            </animation>
            <animation type="WindowClose">
                <effect type="fade" time="200" start="100" end="0"/>
                <effect type="slide" time="200" end="0,98" easing="in" tween="cubic"/>
            </animation>
            <control type="image">
                <left>322</left>
                <top>383</top>
                <width>655</width>
                <height>40</height>
                <texture>MatchCenter/progress_bar_back.png</texture>
            </control>
            <control type="progress" id="23">
                <left>430</left>
                <top>408</top>
                <width>430</width>
                <height>10</height>
                <info>Player.Progress</info>
            </control>
            <control type="label">
                <left>125</left>
                <top>393</top>
                <width>300</width>
                <aligny>center</aligny>
                <height>42</height>
                <font>font12</font>
                <textcolor>red</textcolor>
                <label>$INFO[Player.Time]</label>
                <align>right</align>
            </control>
            <control type="label">
                <left>864</left>
                <top>393</top>
                <width>400</width>
                <height>42</height>
                <aligny>center</aligny>
                <font>font12</font>
                <textcolor>red</textcolor>
                <label>$INFO[Player.TimeRemaining,- ]</label>
            </control>
            <control type="image">
                <left>350</left>
                <top>76</top>
                <width>600</width>
                <height>33</height>
                <texture>MatchCenter/back.png</texture>
            </control>
            <control type="button">
                <posx>900</posx>
                <posy>83</posy>
                <width>25</width>
                <height>25</height>
                <texturefocus colordiffuse="FFda0101">MatchCenter/maximize.png</texturefocus>
                <texturenofocus colordiffuse="FF6d6464">MatchCenter/maximize.png</texturenofocus>
			    <onclick>back</onclick>
            </control>    
            <control type="button">
                <posx>620</posx>
                <posy>83</posy>
                <width>25</width>
                <height>25</height>
                <texturefocus colordiffuse="FFda0101">MatchCenter/play_pause.png</texturefocus>
                <texturenofocus colordiffuse="FF6d6464">MatchCenter/play_pause.png</texturenofocus>
			    <onclick>PlayerControl(Play)</onclick>
            </control>
            <control type="button">
                <posx>653</posx>
                <posy>88</posy>
                <width>16</width>
                <height>16</height>
                <texturefocus colordiffuse="FFda0101">MatchCenter/stop_p.png</texturefocus>
                <texturenofocus colordiffuse="FF6d6464">MatchCenter/stop_p.png</texturenofocus>
			    <onclick>PlayerControl(Stop)</onclick>
            </control>
            <control type="button">
                <posx>681</posx>
                <posy>83</posy>
                <width>25</width>
                <height>25</height>
                <texturefocus colordiffuse="FFda0101">MatchCenter/forward_p.png</texturefocus>
                <texturenofocus colordiffuse="FF6d6464">MatchCenter/forward_p.png</texturenofocus>
			    <onclick>PlayerControl(Forward)</onclick>
            </control>
             <control type="button">
                <posx>588</posx>
                <posy>83</posy>
                <width>25</width>
                <height>25</height>
                <texturefocus colordiffuse="FFda0101">MatchCenter/rewind_p.png</texturefocus>
                <texturenofocus colordiffuse="FF6d6464">MatchCenter/rewind_p.png</texturenofocus>
			    <onclick>PlayerControl(Rewind)</onclick>
            </control>
        </control>
        <control type="image" id="6">
            <left>890</left>
            <top>570</top>
            <width>30</width>
            <height>30</height>
            <visible>Player.HasVideo</visible>
            <aspectratio>keep</aspectratio>
            <texture>MatchCenter/periscope.png</texture>
            <visible>!Control.IsVisible(5)</visible>
            <visible>!Control.IsVisible(10)</visible>
            <animation effect="zoom" start="0%" center="auto" end="100%" time="900" delay="1200" tween="elastic" >VisibleChange</animation>
        </control>
        <control type="image" id="7">
            <left>350</left>
            <top>250</top>
            <width>100</width>
            <height>100</height>
            <aspectratio>keep</aspectratio>
            <texture>MatchCenter/periscopelive.png</texture>
            <visible>Player.HasVideo</visible>
            <visible>!Control.IsVisible(5)</visible>
            <visible>!Control.IsVisible(1)</visible>
            <visible>!Control.IsVisible(10)</visible>
            <animation effect="zoom" start="0%" center="auto" end="100%" time="800" delay="1000" tween="elastic">VisibleChange</animation>
            <animation effect="fade" start="100%" center="auto" end="0%" time="500" delay="1000" loop="true" condition="!Control.IsVisible(1)">conditional</animation>
        </control>
        <control type="group" id="8">
            <top>200</top>
            <visible>[Player.HasVideo]</visible>
            <visible>Control.IsVisible(14)</visible>
            <visible>Control.IsVisible(10)</visible>
            <description>bottom bar</description>
            <animation type="Visible">
                <effect type="fade" time="200" end="100"/>
                <effect type="slide" time="200" start="0,98" end="0,0" tween="cubic"/>
            </animation>
            <animation type="Hidden">
                <effect type="fade" time="200" start="100" end="0"/>
                <effect type="slide" time="200" end="0,98" easing="in" tween="cubic"/>
            </animation>
            <animation type="WindowOpen">
                <effect type="fade" time="200" end="100"/>
                <effect type="slide" time="200" start="0,98" end="0,0" tween="cubic"/>
            </animation>
            <animation type="WindowClose">
                <effect type="fade" time="200" start="100" end="0"/>
                <effect type="slide" time="200" end="0,98" easing="in" tween="cubic"/>
            </animation>
            <control type="image">
                <left>-10</left>
                <top>460</top>
                <width>1300</width>
                <height>70</height>
                <texture>MatchCenter/progress_bar_back.png</texture>
            </control>
            <control type="progress" id="23">
                <left>135</left>
                <top>500</top>
                <width>1000</width>
                <height>15</height>
                <info>Player.Progress</info>
            </control>
            <control type="label">
                <left>-167</left>
                <top>486</top>
                <width>300</width>
                <height>42</height>
                <aligny>center</aligny>
                <font>font12</font>
                <textcolor>red</textcolor>
                <label>$INFO[Player.Time]</label>
                <align>right</align>
                <aligny>center</aligny>
            </control>
            <control type="label">
                <left>1135</left>
                <top>486</top>
                <width>400</width>
                <height>42</height>
                <font>font12</font>
                <textcolor>red</textcolor>
                <aligny>center</aligny>
                <label>$INFO[Player.TimeRemaining,- ]</label>
            </control>
            <control type="image">
                <left>0</left>
                <top>-217</top>
                <width>1300</width>
                <height>42</height>
                <texture>MatchCenter/back.png</texture>
            </control>
            <control type="button">
                <posx>600</posx>
                <posy>-201</posy>
                <width>25</width>
                <height>25</height>
                <texturefocus colordiffuse="FFda0101">MatchCenter/play_pause.png</texturefocus>
                <texturenofocus colordiffuse="FF6d6464">MatchCenter/play_pause.png</texturenofocus>
			    <onclick>PlayerControl(Play)</onclick>
            </control>
            <control type="button">
                <posx>1200</posx>
                <posy>-201</posy>
                <width>35</width>
                <height>25</height>
                <texturefocus colordiffuse="FFda0101">MatchCenter/minimize.png</texturefocus>
                <texturenofocus colordiffuse="FF6d6464">MatchCenter/minimize.png</texturenofocus>
			    <onclick>back</onclick>
            </control>
            <control type="button">
                <posx>660</posx>
                <posy>-196</posy>
                <width>16</width>
                <height>16</height>
                <texturefocus colordiffuse="FFda0101">MatchCenter/stop_p.png</texturefocus>
                <texturenofocus colordiffuse="FF6d6464">MatchCenter/stop_p.png</texturenofocus>
			    <onclick>PlayerControl(Stop)</onclick>
            </control>
            <control type="button">
                <posx>710</posx>
                <posy>-201</posy>
                <width>25</width>
                <height>25</height>
                <texturefocus colordiffuse="FFda0101">MatchCenter/forward_p.png</texturefocus>
                <texturenofocus colordiffuse="FF6d6464">MatchCenter/forward_p.png</texturenofocus>
			    <onclick>PlayerControl(Forward)</onclick>
            </control>
            <control type="button">
                <posx>550</posx>
                <posy>-201</posy>
                <width>25</width>
                <height>25</height>
                <texturefocus colordiffuse="FFda0101">MatchCenter/rewind_p.png</texturefocus>
                <texturenofocus colordiffuse="FF6d6464">MatchCenter/rewind_p.png</texturenofocus>
			    <onclick>PlayerControl(Rewind)</onclick>
            </control>
        </control>
        <control type="image" id="12">
            <left>1220</left>
            <top>670</top>
            <width>30</width>
            <height>30</height>
            <visible>Player.HasVideo</visible>
            <aspectratio>keep</aspectratio>
            <texture>MatchCenter/periscope.png</texture>
            <visible>!Control.IsVisible(8)</visible>
            <visible>Control.IsVisible(10)</visible>
            <animation effect="zoom" start="0%" center="auto" end="100%" time="900" delay="1200" tween="elastic" >VisibleChange</animation>
        </control>
        <control type="image" id="13">
            <left>30</left>
            <top>-10</top>
            <width>100</width>
            <height>100</height>
            <aspectratio>keep</aspectratio>
            <texture>MatchCenter/periscopelive.png</texture>
            <visible>Player.HasVideo</visible>
            <visible>!Control.IsVisible(8)</visible>
            <visible>Control.IsVisible(10)</visible>
            <visible>!Control.IsVisible(11)</visible>
            <animation effect="zoom" start="0%" center="auto" end="100%" time="800" delay="1000" tween="elastic">VisibleChange</animation>
            <animation effect="fade" start="100%" center="auto" end="0%" time="500" delay="1000" loop="true" condition="!Control.IsVisible(1)">conditional</animation>
        </control>
    </controls>
</window>