<favourites>
	<favourite name="HD releases" thumb="http://i.imgur.com/HMWAVnc.png">ActivateWindow(10025,&quot;plugin://plugin.video.bennu/?action=directory&amp;content=0&amp;url=https%3a%2f%2fpastebin.com%2fraw%2f4vu4VQYi&quot;)</favourite>
    <favourite name="HD releases-2" thumb="http://kodiworld.esy.es/Addon/Pics/ICONS/HDMOVIES.jpg">ActivateWindow(10025,&quot;plugin://plugin.video.Universe/?description&amp;fanart=http%3a%2f%2fkodiworld.esy.es%2fAddon%2fPics%2fbasefanart.jpg&amp;mode=1&amp;name=%5bB%5d%5bCOLOR%20snow%5dHD%20Movies%5b%2fCOLOR%5d%5b%2fB%5d&amp;url=http%3a%2f%2faddonhost.esy.es%2fHDMOVIES.xml&quot;)</favourite>
    <favourite name="Disney Collection" thumb="http://i.imgur.com/U2VZ77g.png">ActivateWindow(10025,&quot;plugin://plugin.video.bennu/?action=directory&amp;content=0&amp;url=https%3a%2f%2fpastebin.com%2fraw%2fDdWUbm9g&quot;)</favourite>
    <favourite name="HD Kids Films" thumb="special://skin/logos/kidsmovie.png">ActivateWindow(10025,&quot;plugin://plugin.video.Drstream/?action=directory&amp;content=addons&amp;url=http%3a%2f%2fwolfpackcrew.co.uk%2fseeddata%2fbeausplace%2fkids-movies.xml&quot;)</favourite>
    <favourite name="4K &amp; DTS" thumb="http://lofrev.net/wp-content/photos/2017/03/4k_ultra_hd_logo.jpg">ActivateWindow(10025,&quot;plugin://plugin.program.super.favourites/?label=4k&amp;mode=400&amp;path=special%3A%2F%2Fhome%2Faddons%2Fplugin.video.afkmenu%2Fmenu%5CSuper+Favourites%5Cmappen%5C4k&amp;sf_options=winID%3D10025%26desc%3DReal+Debrid+Account+nodig!+meer+info:+goo.gl/GXrW8V.%26_options_sf&quot;)</favourite>
</favourites>