<?xml version='1.0' encoding='UTF-8'?>
<shortcuts>
	<shortcut>
		<defaultID>videos</defaultID>
		<label>10006</label>
		<label2>Common Shortcut</label2>
		<icon>DefaultVideo.png</icon>
		<thumb />
		<action>ActivateWindow(Videos)</action>
	</shortcut>
	<shortcut>
		<defaultID>movies</defaultID>
		<label>342</label>
		<label2>Common Shortcut</label2>
		<icon>DefaultShortcut.png</icon>
		<thumb>DefaultMovies.png</thumb>
		<action>ActivateWindow(Videos,MovieTitles,return)</action>
	</shortcut>
	<shortcut>
		<defaultID>tvshows</defaultID>
		<label>20343</label>
		<label2>Common Shortcut</label2>
		<icon>DefaultTVShows.png</icon>
		<thumb />
		<action>ActivateWindow(Videos,TVShowTitles,return)</action>
	</shortcut>
	<shortcut>
		<defaultID>livetv</defaultID>
		<label>32022</label>
		<label2>Common Shortcut</label2>
		<icon>DefaultTVShows.png</icon>
		<thumb />
		<action>ActivateWindow(TVGuide)</action>
	</shortcut>
	<shortcut>
		<defaultID>music</defaultID>
		<label>10005</label>
		<label2>Common Shortcut</label2>
		<icon>DefaultMusicSongs.png</icon>
		<thumb>DefaultMusicAlbums.png</thumb>
		<action>ActivateWindow(Music)</action>
	</shortcut>
	<shortcut>
		<defaultID>pictures</defaultID>
		<label>10002</label>
		<label2>Common Shortcut</label2>
		<icon>DefaultShortcut.png</icon>
		<thumb>DefaultPicture.png</thumb>
		<action>ActivateWindow(Pictures)</action>
	</shortcut>
	<shortcut>
		<defaultID>24001</defaultID>
		<label>24001</label>
		<label2>Settings</label2>
		<icon>DefaultShortcut.png</icon>
		<thumb />
		<action>ActivateWindow(AddonBrowser)</action>
	</shortcut>
	<shortcut>
		<defaultID>13000</defaultID>
		<label>13000</label>
		<label2>Common Shortcut</label2>
		<icon>DefaultShortcut.png</icon>
		<thumb />
		<action>ActivateWindow(Settings)</action>
	</shortcut>
	<shortcut>
		<defaultID>search</defaultID>
		<label>Search</label>
		<label2>Program</label2>
		<icon>DefaultShortcut.png</icon>
		<thumb>Search.png</thumb>
		<action>RunAddon(script.globalsearch)</action>
	</shortcut>
	<shortcut>
		<defaultID>31034</defaultID>
		<label>$SKIN[31034|skin.refocus|Playing]</label>
		<label2>Common Shortcut</label2>
		<icon>DefaultIconPlay.png</icon>
		<thumb />
		<action>fullscreen</action>
	</shortcut>
</shortcuts>
