<favourites>
   <favourite name="Aanbevolen Series" thumb="special://home/addons/plugin.video.afkmenu/logos/exodus.png">ActivateWindow(10025,&quot;plugin://plugin.video.exodus/?action=tvshows&amp;url=trending&amp;sf_options=winID%3D10025%26desc%3DPopulair+nu+via+Exodus%26_options_sf&quot;)</favourite>
   <favourite name="Trakt" thumb="special://home/addons/plugin.video.afkmenu/logos/exodustrakt.png">ActivateWindow(10025,&quot;plugin://plugin.program.super.favourites/?label=TraktExodus&amp;mode=400&amp;path=special%3A%2F%2Fhome%2Faddons%2Fplugin.video.afkmenu%2Fmenu%5CSuper+Favourites%5Cmappen%5Ctraktexodustv&amp;sf_options=winID%3D10025%26desc%3DExodus%26_options_sf&quot;)</favourite>
   <favourite name="Meer Exodus" thumb="special://home/addons/plugin.video.afkmenu/logos/exodus.png">ActivateWindow(10025,&quot;plugin://plugin.program.super.favourites/?label=Exodus&amp;mode=400&amp;path=special%3A%2F%2Fhome%2Faddons%2Fplugin.video.afkmenu%2Fmenu%5CSuper+Favourites%5Cmappen%5Cexodustv&amp;sf_options=winID%3D10025%26desc%3DExodus+menu%26_options_sf&quot;)</favourite>
   <favourite name="Trakt" thumb="special://home/addons/plugin.video.afkmenu/logos/spectotrakt.png">ActivateWindow(10025,&quot;plugin://plugin.program.super.favourites/?label=TraktSpecto&amp;mode=400&amp;path=special%3A%2F%2Fhome%2Faddons%2Fplugin.video.afkmenu%2Fmenu%5CSuper+Favourites%5Cmappen%5Ctraktspectotv&amp;sf_options=winID%3D10025%26desc%3DSpecto%26_options_sf&quot;)</favourite>
   <favourite name="Aanbevolen Series" thumb="special://home/addons/plugin.video.afkmenu/logos/specto.png">ActivateWindow(10025,&quot;plugin://plugin.video.specto/?action=tvshows&amp;url=trending&amp;sf_options=winID%3D10025%26desc%3DPopulair+nu+via+Specto%26_options_sf&quot;)</favourite>
   <favourite name="Trakt" thumb="special://home/addons/plugin.video.afkmenu/logos/saltstrakt.png">ActivateWindow(10025,&quot;plugin://plugin.program.super.favourites/?label=TraktSalts&amp;mode=400&amp;path=special%3A%2F%2Fhome%2Faddons%2Fplugin.video.afkmenu%2Fmenu%5CSuper+Favourites%5Cmappen%5Ctraktsaltstv&amp;sf_options=winID%3D10025%26desc%3DStream+all+the+Sources%26_options_sf&quot;)</favourite>
   <favourite name="Meer Specto" thumb="special://home/addons/plugin.video.afkmenu/logos/specto.png">ActivateWindow(10025,&quot;plugin://plugin.program.super.favourites/?label=Specto&amp;mode=400&amp;path=special%3A%2F%2Fhome%2Faddons%2Fplugin.video.afkmenu%2Fmenu%5CSuper+Favourites%5Cmappen%5Cspectotv&amp;sf_options=winID%3D10025%26desc%3DSpecto+menu%26_options_sf&quot;)</favourite>
   <favourite name="">noop</favourite>
   <favourite name="Aanbevolen Series" thumb="special://home/addons/plugin.video.afkmenu/logos/salts.png">ActivateWindow(10025,&quot;plugin://plugin.video.salts/?mode=trending&amp;section=TV&amp;sf_options=winID%3D10025%26desc%3DPopulair+nu+via+Stream+all+the+Sources%26_options_sf&quot;)</favourite>
   <favourite name="">noop</favourite>
   <favourite name="Meer Salts" thumb="special://home/addons/plugin.video.afkmenu/logos/salts.png">ActivateWindow(10025,&quot;plugin://plugin.program.super.favourites/?label=Salts&amp;mode=400&amp;path=special%3A%2F%2Fhome%2Faddons%2Fplugin.video.afkmenu%2Fmenu%5CSuper+Favourites%5Cmappen%5Csaltstv&amp;sf_options=winID%3D10025%26desc%3DStream+all+the+Sources+menu%26_options_sf&quot;)</favourite>
</favourites>