<favourites>
	<favourite name="Populair" thumb="special://home/addons/script.exodus.artwork/resources/media/exodus/featured.png">ActivateWindow(10025,&quot;plugin://plugin.video.exodus/?action=movies&amp;url=trending&quot;)</favourite>
    <favourite name="Zoeken" thumb="special://home/addons/script.exodus.artwork/resources/media/exodus/search.png">ActivateWindow(10025,&quot;plugin://plugin.video.exodus/?action=movieSearch&quot;)</favourite>
    <favourite name="Meest Opgebracht" thumb="special://home/addons/script.exodus.artwork/resources/media/exodus/box-office.png">ActivateWindow(10025,&quot;plugin://plugin.video.exodus/?action=movies&amp;url=boxoffice&quot;)</favourite>
    <favourite name="Zoeken op Genres" thumb="special://home/addons/script.exodus.artwork/resources/media/exodus/genres.png">ActivateWindow(10025,&quot;plugin://plugin.video.exodus/?action=movieGenres&quot;)</favourite>
    <favourite name="Oscar Winnaars" thumb="special://home/addons/script.exodus.artwork/resources/media/exodus/oscar-winners.png">ActivateWindow(10025,&quot;plugin://plugin.video.exodus/?action=movies&amp;url=oscars&quot;)</favourite>
    <favourite name="Zoeken op Jaren" thumb="special://home/addons/script.exodus.artwork/resources/media/exodus/years.png">ActivateWindow(10025,&quot;plugin://plugin.video.exodus/?action=movieYears&quot;)</favourite>
    <favourite name="Meest Bekeken" thumb="special://home/addons/script.exodus.artwork/resources/media/exodus/people-watching.png">ActivateWindow(10025,&quot;plugin://plugin.video.exodus/?action=movies&amp;url=views&quot;)</favourite>
    <favourite name="Zoeken op Taal" thumb="special://home/addons/script.exodus.artwork/resources/media/exodus/languages.png">ActivateWindow(10025,&quot;plugin://plugin.video.exodus/?action=movieLanguages&quot;)</favourite>
    <favourite name="Kijkwijzer" thumb="special://home/addons/script.exodus.artwork/resources/media/exodus/certificates.png">ActivateWindow(10025,&quot;plugin://plugin.video.exodus/?action=movieCertificates&quot;)</favourite>
    <favourite name="Zoek Acteurs" thumb="special://home/addons/script.exodus.artwork/resources/media/exodus/people-search.png">ActivateWindow(10025,&quot;plugin://plugin.video.exodus/?action=moviePerson&quot;)</favourite>
</favourites>