<settings>
    <audiocds>
        <autoaction default="true">0</autoaction>
        <ejectonrip default="true">true</ejectonrip>
        <encoder default="true">audioencoder.xbmc.builtin.wav</encoder>
        <recordingpath default="true"></recordingpath>
        <trackpathformat default="true">%A/%A - %B/[%N. ][%A - ]%T</trackpathformat>
        <usecddb default="true">true</usecddb>
    </audiocds>
    <audiooutput>
        <ac3passthrough>false</ac3passthrough>
        <ac3transcode default="true">false</ac3transcode>
        <audiodevice default="true">PI:HDMI</audiodevice>
        <boostcenter default="true">0</boostcenter>
        <channels default="true">1</channels>
        <config default="true">2</config>
        <dtshdpassthrough default="true">false</dtshdpassthrough>
        <dtspassthrough default="true">false</dtspassthrough>
        <eac3passthrough default="true">false</eac3passthrough>
        <guisoundmode default="true">1</guisoundmode>
        <maintainoriginalvolume default="true">true</maintainoriginalvolume>
        <passthrough default="true">false</passthrough>
        <passthroughdevice default="true">PI:HDMI</passthroughdevice>
        <processquality default="true">101</processquality>
        <samplerate default="true">48000</samplerate>
        <stereoupmix default="true">false</stereoupmix>
        <streamsilence default="true">1</streamsilence>
        <truehdpassthrough default="true">false</truehdpassthrough>
    </audiooutput>
    <cache>
        <harddisk default="true">256</harddisk>
    </cache>
    <cacheaudio>
        <dvdrom default="true">256</dvdrom>
        <internet default="true">256</internet>
        <lan default="true">256</lan>
    </cacheaudio>
    <cachedvd>
        <dvdrom default="true">2048</dvdrom>
        <lan default="true">2048</lan>
    </cachedvd>
    <cacheunknown>
        <internet default="true">4096</internet>
    </cacheunknown>
    <cachevideo>
        <dvdrom default="true">2048</dvdrom>
        <internet default="true">4096</internet>
        <lan default="true">2048</lan>
    </cachevideo>
    <debug>
        <extralogging default="true">false</extralogging>
        <screenshotpath>/storage/screenshots/</screenshotpath>
        <setextraloglevel default="true"></setextraloglevel>
        <showloginfo default="true">false</showloginfo>
    </debug>
    <disc>
        <playback default="true">0</playback>
    </disc>
    <dvds>
        <automenu default="true">false</automenu>
        <autorun default="true">false</autorun>
        <playerregion default="true">0</playerregion>
    </dvds>
    <epg>
        <daystodisplay default="true">3</daystodisplay>
        <epgupdate default="true">120</epgupdate>
        <hidenoinfoavailable default="true">true</hidenoinfoavailable>
        <ignoredbforclient default="true">false</ignoredbforclient>
        <preventupdateswhileplayingtv default="true">false</preventupdateswhileplayingtv>
        <selectaction default="true">2</selectaction>
    </epg>
    <filelists>
        <allowfiledeletion>true</allowfiledeletion>
        <browsearchives default="true">true</browsearchives>
        <ignorethewhensorting default="true">true</ignorethewhensorting>
        <showaddsourcebuttons default="true">true</showaddsourcebuttons>
        <showextensions default="true">true</showextensions>
        <showhidden default="true">false</showhidden>
        <showparentdiritems>false</showparentdiritems>
    </filelists>
    <general>
        <addonbrokenfilter default="true">true</addonbrokenfilter>
        <addonforeignfilter default="true">false</addonforeignfilter>
        <addonnotifications default="true">true</addonnotifications>
        <addonupdates default="true">0</addonupdates>
        <settinglevel>3</settinglevel>
        <systemtotaluptime>87</systemtotaluptime>
    </general>
    <input>
        <enablejoystick default="true">true</enablejoystick>
        <enablemouse default="true">true</enablemouse>
    </input>
    <karaoke>
        <autopopupselector default="true">false</autopopupselector>
        <charset default="true">DEFAULT</charset>
        <enabled default="true">false</enabled>
        <font default="true">arial.ttf</font>
        <fontcolors default="true">0</fontcolors>
        <fontheight default="true">36</fontheight>
    </karaoke>
    <locale>
        <audiolanguage default="true">original</audiolanguage>
        <charset default="true">DEFAULT</charset>
        <country>NL</country>
        <keyboardlayouts default="true">English QWERTY</keyboardlayouts>
        <language>Dutch</language>
        <subtitlelanguage>Dutch</subtitlelanguage>
        <timezone>Europe/Amsterdam</timezone>
        <timezonecountry>Netherlands</timezonecountry>
    </locale>
    <lookandfeel>
        <enablerssfeeds default="true">true</enablerssfeeds>
        <font default="true">Default</font>
        <rssedit default="true"></rssedit>
        <skin>skin.afk.box</skin>
        <skincolors default="true">SKINDEFAULT</skincolors>
        <skintheme default="true">SKINDEFAULT</skintheme>
        <skinzoom default="true">0</skinzoom>
        <soundskin>OFF</soundskin>
        <startupwindow default="true">10000</startupwindow>
    </lookandfeel>
    <masterlock>
        <maxretries default="true">3</maxretries>
        <startuplock default="true">false</startuplock>
    </masterlock>
    <musicfiles>
        <findremotethumbs default="true">true</findremotethumbs>
        <librarytrackformat default="true"></librarytrackformat>
        <librarytrackformatright default="true"></librarytrackformatright>
        <nowplayingtrackformat default="true"></nowplayingtrackformat>
        <nowplayingtrackformatright default="true"></nowplayingtrackformatright>
        <trackformat default="true">[%N. ]%A - %T</trackformat>
        <trackformatright default="true">%D</trackformatright>
        <usetags>false</usetags>
    </musicfiles>
    <musiclibrary>
        <albumsscraper default="true">metadata.album.universal</albumsscraper>
        <artistsscraper default="true">metadata.artists.universal</artistsscraper>
        <backgroundupdate default="true">false</backgroundupdate>
        <downloadinfo default="true">false</downloadinfo>
        <enabled default="true">true</enabled>
        <overridetags default="true">false</overridetags>
        <showcompilationartists default="true">true</showcompilationartists>
        <updateonstartup default="true">false</updateonstartup>
    </musiclibrary>
    <musicplayer>
        <autoplaynextitem default="true">true</autoplaynextitem>
        <crossfade default="true">0</crossfade>
        <crossfadealbumtracks default="true">true</crossfadealbumtracks>
        <queuebydefault default="true">false</queuebydefault>
        <replaygainavoidclipping default="true">false</replaygainavoidclipping>
        <replaygainnogainpreamp default="true">89</replaygainnogainpreamp>
        <replaygainpreamp default="true">89</replaygainpreamp>
        <replaygaintype default="true">1</replaygaintype>
        <visualisation default="true">visualization.glspectrum</visualisation>
    </musicplayer>
    <mymusic>
        <defaultlibview default="true"></defaultlibview>
        <songthumbinvis default="true">false</songthumbinvis>
        <startwindow default="true">10501</startwindow>
        <playlist>
            <repeat>false</repeat>
            <shuffle>false</shuffle>
        </playlist>
        <needsupdate>0</needsupdate>
    </mymusic>
    <myvideos>
        <extractflags default="true">false</extractflags>
        <extractthumb default="true">false</extractthumb>
        <flatten default="true">false</flatten>
        <replacelabels default="true">true</replacelabels>
        <selectaction default="true">1</selectaction>
        <stackvideos default="true">false</stackvideos>
        <startwindow>10025</startwindow>
        <watchmodemovies>0</watchmodemovies>
        <watchmodetvshows>0</watchmodetvshows>
        <watchmodemusicvideos>0</watchmodemusicvideos>
        <playlist>
            <repeat>false</repeat>
            <shuffle>false</shuffle>
        </playlist>
        <needsupdate>0</needsupdate>
    </myvideos>
    <network>
        <bandwidth default="true">0</bandwidth>
        <httpproxypassword default="true"></httpproxypassword>
        <httpproxyport default="true">8080</httpproxyport>
        <httpproxyserver default="true"></httpproxyserver>
        <httpproxytype default="true">0</httpproxytype>
        <httpproxyusername default="true"></httpproxyusername>
        <usehttpproxy default="true">false</usehttpproxy>
    </network>
    <pictures>
        <displayresolution>16</displayresolution>
        <generatethumbs default="true">true</generatethumbs>
        <showvideos default="true">true</showvideos>
        <useexifrotation default="true">true</useexifrotation>
        <usetags default="true">true</usetags>
    </pictures>
    <powermanagement>
        <displaysoff default="true">0</displaysoff>
        <shutdownstate default="true">1</shutdownstate>
        <shutdowntime default="true">0</shutdowntime>
        <wakeonaccess default="true">false</wakeonaccess>
    </powermanagement>
    <pvrmanager>
        <backendchannelorder default="true">true</backendchannelorder>
        <enabled default="true">false</enabled>
        <hideconnectionlostwarning default="true">false</hideconnectionlostwarning>
        <syncchannelgroups default="true">true</syncchannelgroups>
        <usebackendchannelnumbers default="true">false</usebackendchannelnumbers>
    </pvrmanager>
    <pvrmenu>
        <closechannelosdonswitch default="true">true</closechannelosdonswitch>
        <displaychannelinfo default="true">5</displaychannelinfo>
        <iconpath default="true"></iconpath>
    </pvrmenu>
    <pvrparental>
        <duration default="true">300</duration>
        <enabled default="true">false</enabled>
        <pin default="true"></pin>
    </pvrparental>
    <pvrplayback>
        <channelentrytimeout default="true">0</channelentrytimeout>
        <confirmchannelswitch default="true">false</confirmchannelswitch>
        <playminimized default="true">true</playminimized>
        <scantime default="true">10</scantime>
        <signalquality default="true">true</signalquality>
        <startlast default="true">0</startlast>
    </pvrplayback>
    <pvrpowermanagement>
        <backendidletime default="true">15</backendidletime>
        <dailywakeup default="true">false</dailywakeup>
        <dailywakeuptime default="true">00:00:00</dailywakeuptime>
        <enabled default="true">false</enabled>
        <prewakeup default="true">15</prewakeup>
        <setwakeupcmd default="true">/usr/bin/setwakeup.sh</setwakeupcmd>
    </pvrpowermanagement>
    <pvrrecord>
        <defaultlifetime default="true">99</defaultlifetime>
        <defaultpriority default="true">50</defaultpriority>
        <instantrecordtime default="true">120</instantrecordtime>
        <marginend default="true">0</marginend>
        <marginstart default="true">0</marginstart>
        <timernotifications default="true">true</timernotifications>
    </pvrrecord>
    <scrapers>
        <moviesdefault default="true">metadata.themoviedb.org</moviesdefault>
        <musicvideosdefault default="true">metadata.musicvideos.theaudiodb.com</musicvideosdefault>
        <tvshowsdefault default="true">metadata.tvdb.com</tvshowsdefault>
    </scrapers>
    <screensaver>
        <mode default="true">screensaver.xbmc.builtin.dim</mode>
        <time default="true">3</time>
        <usedimonpause default="true">true</usedimonpause>
        <usemusicvisinstead default="true">true</usemusicvisinstead>
    </screensaver>
    <services>
        <airplay default="true">true</airplay>
        <airplayios8compat default="true">true</airplayios8compat>
        <airplaypassword default="true"></airplaypassword>
        <airplayvolumecontrol default="true">true</airplayvolumecontrol>
        <devicename>AFK-Box</devicename>
        <esallinterfaces default="true">false</esallinterfaces>
        <escontinuousdelay default="true">25</escontinuousdelay>
        <esenabled default="true">true</esenabled>
        <esinitialdelay default="true">750</esinitialdelay>
        <esmaxclients default="true">20</esmaxclients>
        <esport default="true">9777</esport>
        <esportrange default="true">10</esportrange>
        <upnpannounce default="true">true</upnpannounce>
        <upnpcontroller default="true">false</upnpcontroller>
        <upnprenderer default="true">false</upnprenderer>
        <upnpserver default="true">false</upnpserver>
        <useairplaypassword default="true">false</useairplaypassword>
        <webserver default="true">true</webserver>
        <webserverpassword default="true"></webserverpassword>
        <webserverport default="true">80</webserverport>
        <webserverusername></webserverusername>
        <webskin default="true">webinterface.default</webskin>
        <zeroconf default="true">true</zeroconf>
    </services>
    <slideshow>
        <displayeffects default="true">true</displayeffects>
        <shuffle default="true">false</shuffle>
        <staytime default="true">5</staytime>
    </slideshow>
    <smb>
        <winsserver default="true">0.0.0.0</winsserver>
        <workgroup default="true">WORKGROUP</workgroup>
    </smb>
    <subtitles>
        <align default="true">0</align>
        <charset default="true">DEFAULT</charset>
        <color default="true">1</color>
        <custompath default="true"></custompath>
        <downloadfirst default="true">false</downloadfirst>
        <font default="true">arial.ttf</font>
        <height default="true">28</height>
        <languages>Dutch,English</languages>
        <movie>service.subtitles.opensubtitles</movie>
        <overrideassfonts default="true">false</overrideassfonts>
        <pauseonsearch default="true">true</pauseonsearch>
        <stereoscopicdepth default="true">0</stereoscopicdepth>
        <storagemode default="true">0</storagemode>
        <style>0</style>
        <tv>service.subtitles.opensubtitles</tv>
    </subtitles>
    <system>
        <playlistspath>special://profile/playlists/</playlistspath>
    </system>
    <videolibrary>
        <actorthumbs>false</actorthumbs>
        <backgroundupdate default="true">false</backgroundupdate>
        <enabled default="true">true</enabled>
        <flattentvshows default="true">1</flattentvshows>
        <groupmoviesets default="true">false</groupmoviesets>
        <showunwatchedplots default="true">true</showunwatchedplots>
        <updateonstartup default="true">false</updateonstartup>
    </videolibrary>
    <videoplayer>
        <adjustrefreshrate default="true">0</adjustrefreshrate>
        <autoplaynextitem default="true">false</autoplaynextitem>
        <decodingmethod default="true">1</decodingmethod>
        <errorinaspect default="true">0</errorinaspect>
        <hqscalers default="true">0</hqscalers>
        <limitguiupdate default="true">10</limitguiupdate>
        <maxspeedadjust default="true">5</maxspeedadjust>
        <pauseafterrefreshchange default="true">0</pauseafterrefreshchange>
        <prefervaapirender default="true">true</prefervaapirender>
        <quitstereomodeonstop default="true">true</quitstereomodeonstop>
        <rendermethod default="true">0</rendermethod>
        <stereoscopicplaybackmode default="true">0</stereoscopicplaybackmode>
        <stretch43 default="true">0</stretch43>
        <synctype default="true">2</synctype>
        <teletextenabled default="true">true</teletextenabled>
        <teletextscale default="true">true</teletextscale>
        <useamcodec default="true">true</useamcodec>
        <usedisplayasclock>true</usedisplayasclock>
        <usedxva2 default="true">true</usedxva2>
        <usemmal default="true">true</usemmal>
        <useomx default="true">true</useomx>
        <useomxplayer default="true">true</useomxplayer>
        <usepbo default="true">true</usepbo>
        <usevaapi default="true">true</usevaapi>
        <usevaapimpeg2 default="true">true</usevaapimpeg2>
        <usevaapimpeg4 default="true">true</usevaapimpeg4>
        <usevaapivc1 default="true">false</usevaapivc1>
        <usevda default="true">true</usevda>
        <usevdpau default="true">true</usevdpau>
        <usevdpaumixer default="true">true</usevdpaumixer>
        <usevdpaumpeg2 default="true">true</usevdpaumpeg2>
        <usevdpaumpeg4 default="true">false</usevdpaumpeg4>
        <usevdpauvc1 default="true">true</usevdpauvc1>
        <usevideotoolbox default="true">true</usevideotoolbox>
        <vdpauUpscalingLevel default="true">false</vdpauUpscalingLevel>
        <vdpau_allow_xrandr default="true">false</vdpau_allow_xrandr>
    </videoplayer>
    <videoscreen>
        <blankdisplays default="true">false</blankdisplays>
        <fakefullscreen default="true">true</fakefullscreen>
        <limitedrange default="true">false</limitedrange>
        <limitgui>720</limitgui>
        <monitor default="true">Default</monitor>
        <preferedstereoscopicmode default="true">100</preferedstereoscopicmode>
        <resolution default="true">16</resolution>
        <screen default="true">0</screen>
        <screenmode default="true">DESKTOP</screenmode>
        <stereoscopicmode default="true">0</stereoscopicmode>
        <textures32 default="true">false</textures32>
        <vsync default="true">2</vsync>
    </videoscreen>
    <weather>
        <addon default="true"></addon>
        <currentlocation default="true">1</currentlocation>
    </weather>
    <window>
        <height default="true">480</height>
        <width default="true">720</width>
    </window>
    <skinsettings>
        <setting type="bool" name="skin.afk.box.dev.overlay">false</setting>
        <setting type="bool" name="skin.afk.box.dev.images">false</setting>
        <setting type="bool" name="skin.afk.box.overlay.pvr">false</setting>
        <setting type="bool" name="skin.afk.box.landscapethumb.enable">false</setting>
        <setting type="bool" name="skin.afk.box.logos.movies.enable">false</setting>
        <setting type="bool" name="skin.afk.box.logos.tvshows.enable">false</setting>
        <setting type="bool" name="skin.afk.box.autoscroll.enable">true</setting>
        <setting type="bool" name="skin.afk.box.nextaired.disable">true</setting>
        <setting type="bool" name="skin.afk.box.artistslideshow.disable">true</setting>
        <setting type="bool" name="skin.afk.box.widgets.disable">true</setting>
        <setting type="bool" name="skin.afk.box.widgets.push">false</setting>
        <setting type="bool" name="skin.afk.box.home.nowplaying">true</setting>
        <setting type="bool" name="skin.afk.box.widgetheader.disable">false</setting>
        <setting type="bool" name="skin.afk.box.home.time">true</setting>
        <setting type="bool" name="skin.afk.box.homemenu.compact">true</setting>
        <setting type="bool" name="skin.afk.box.fanart.weather">false</setting>
        <setting type="bool" name="skin.afk.box.global.kiosk">true</setting>
        <setting type="bool" name="skin.afk.box.fanart.global">true</setting>
        <setting type="bool" name="skin.afk.box.backgroundvideo.global">false</setting>
        <setting type="bool" name="skin.afk.box.mediaoverlay.disable">false</setting>
        <setting type="bool" name="skin.afk.box.sortletter.enable">false</setting>
        <setting type="bool" name="skin.afk.box.fanart.visualization">false</setting>
        <setting type="bool" name="skin.afk.box.fanart.visualization.blend">false</setting>
        <setting type="bool" name="skin.afk.box.banner.movies.enable">false</setting>
        <setting type="bool" name="skin.afk.box.menu.playlist">false</setting>
        <setting type="bool" name="skin.afk.box.ratings.enable">false</setting>
        <setting type="bool" name="skin.afk.box.overlay.movies.disable">false</setting>
        <setting type="bool" name="skin.afk.box.overlay.tvshows.disable">false</setting>
        <setting type="bool" name="skin.afk.box.overlay.episodes.disable">false</setting>
        <setting type="bool" name="skin.afk.box.overlay.files.disable">false</setting>
        <setting type="bool" name="skin.afk.box.overlay.resumable.disable">false</setting>
        <setting type="bool" name="skin.afk.box.search.disable">true</setting>
        <setting type="bool" name="skin.afk.box.tvtunes.enable">false</setting>
        <setting type="bool" name="skin.afk.box.keyboard.enable">false</setting>
        <setting type="bool" name="skin.afk.box.cleanlibrary.enable">true</setting>
        <setting type="bool" name="skin.afk.box.view.biglist.posters">false</setting>
        <setting type="bool" name="skin.afk.box.view.list.artistfanart">false</setting>
        <setting type="bool" name="skin.afk.box.view.list.fanart">false</setting>
        <setting type="bool" name="skin.afk.box.SkinShortcuts-FullMenu">true</setting>
        <setting type="string" name="skin.afk.box.homemenu.type">horizontal</setting>
        <setting type="string" name="skin.afk.box.homebackground"></setting>
        <setting type="string" name="skin.afk.box.home.background.folder"></setting>
        <setting type="string" name="skin.afk.box.home.background.image"></setting>
        <setting type="string" name="skin.afk.box.fanarttype.video"></setting>
        <setting type="string" name="skin.afk.box.fanarttype.music"></setting>
        <setting type="string" name="skin.afk.box.fanarttype.mixed"></setting>
        <setting type="string" name="skin.afk.box.fanartinfo.text"></setting>
        <setting type="string" name="skin.afk.box.fanartinfo.logo"></setting>
        <setting type="string" name="skin.afk.box.fanart.weather.path"></setting>
        <setting type="string" name="skin.afk.box.SkinSettings">Info</setting>
        <setting type="string" name="skin.afk.box.menu.controls"></setting>
        <setting type="string" name="skin.afk.box.addon.lyrics.path"></setting>
    </skinsettings>
    <resolutions>
        <resolution>
            <description>1920x1080 (1920x1080) @ 60.00 - Full Screen</description>
            <subtitles>1045</subtitles>
            <pixelratio>1.055100</pixelratio>
            <overscan>
                <left>31</left>
                <top>11</top>
                <right>1891</right>
                <bottom>1080</bottom>
            </overscan>
        </resolution>
        <resolution>
            <description>640x480 (640x480) @ 59.94 - Full Screen</description>
            <subtitles>463</subtitles>
            <pixelratio>1.000000</pixelratio>
            <overscan>
                <left>0</left>
                <top>0</top>
                <right>640</right>
                <bottom>480</bottom>
            </overscan>
        </resolution>
        <resolution>
            <description>720x480 (720x480) @ 60.00 - Full Screen</description>
            <subtitles>463</subtitles>
            <pixelratio>1.185185</pixelratio>
            <overscan>
                <left>0</left>
                <top>0</top>
                <right>720</right>
                <bottom>480</bottom>
            </overscan>
        </resolution>
        <resolution>
            <description>720x480 (720x480) @ 59.94 - Full Screen</description>
            <subtitles>463</subtitles>
            <pixelratio>1.185185</pixelratio>
            <overscan>
                <left>0</left>
                <top>0</top>
                <right>720</right>
                <bottom>480</bottom>
            </overscan>
        </resolution>
        <resolution>
            <description>1280x720 (1280x720) @ 60.00 - Full Screen</description>
            <subtitles>727</subtitles>
            <pixelratio>0.950872</pixelratio>
            <overscan>
                <left>24</left>
                <top>15</top>
                <right>1254</right>
                <bottom>704</bottom>
            </overscan>
        </resolution>
        <resolution>
            <description>1280x720 (1280x720) @ 59.94 - Full Screen</description>
            <subtitles>727</subtitles>
            <pixelratio>0.950872</pixelratio>
            <overscan>
                <left>24</left>
                <top>15</top>
                <right>1254</right>
                <bottom>704</bottom>
            </overscan>
        </resolution>
        <resolution>
            <description>1280x720 (1280x720) @ 60.00 3DSBS - Full Screen</description>
            <subtitles>727</subtitles>
            <pixelratio>0.950872</pixelratio>
            <overscan>
                <left>24</left>
                <top>15</top>
                <right>1254</right>
                <bottom>704</bottom>
            </overscan>
        </resolution>
        <resolution>
            <description>1280x720 (1280x720) @ 59.94 3DSBS - Full Screen</description>
            <subtitles>727</subtitles>
            <pixelratio>0.950872</pixelratio>
            <overscan>
                <left>24</left>
                <top>15</top>
                <right>1254</right>
                <bottom>704</bottom>
            </overscan>
        </resolution>
        <resolution>
            <description>1280x720 (1280x720) @ 60.00 3DTB - Full Screen</description>
            <subtitles>727</subtitles>
            <pixelratio>0.950872</pixelratio>
            <overscan>
                <left>24</left>
                <top>15</top>
                <right>1254</right>
                <bottom>704</bottom>
            </overscan>
        </resolution>
        <resolution>
            <description>1280x720 (1280x720) @ 59.94 3DTB - Full Screen</description>
            <subtitles>727</subtitles>
            <pixelratio>0.950872</pixelratio>
            <overscan>
                <left>24</left>
                <top>15</top>
                <right>1254</right>
                <bottom>704</bottom>
            </overscan>
        </resolution>
        <resolution>
            <description>640x480 (640x480) @ 60.00 - Full Screen</description>
            <subtitles>463</subtitles>
            <pixelratio>1.000000</pixelratio>
            <overscan>
                <left>0</left>
                <top>0</top>
                <right>640</right>
                <bottom>480</bottom>
            </overscan>
        </resolution>
        <resolution>
            <description>1920x1080 (1920x1080) @ 59.94 - Full Screen</description>
            <subtitles>1042</subtitles>
            <pixelratio>1.000000</pixelratio>
            <overscan>
                <left>0</left>
                <top>0</top>
                <right>1920</right>
                <bottom>1080</bottom>
            </overscan>
        </resolution>
        <resolution>
            <description>1920x1080 (1920x1080) @ 60.00 3DSBS - Full Screen</description>
            <subtitles>1042</subtitles>
            <pixelratio>1.000000</pixelratio>
            <overscan>
                <left>0</left>
                <top>0</top>
                <right>1920</right>
                <bottom>1080</bottom>
            </overscan>
        </resolution>
        <resolution>
            <description>1920x1080 (1920x1080) @ 59.94 3DSBS - Full Screen</description>
            <subtitles>1042</subtitles>
            <pixelratio>1.000000</pixelratio>
            <overscan>
                <left>0</left>
                <top>0</top>
                <right>1920</right>
                <bottom>1080</bottom>
            </overscan>
        </resolution>
        <resolution>
            <description>1920x1080 (1920x1080) @ 60.00 3DTB - Full Screen</description>
            <subtitles>1042</subtitles>
            <pixelratio>1.000000</pixelratio>
            <overscan>
                <left>0</left>
                <top>0</top>
                <right>1920</right>
                <bottom>1080</bottom>
            </overscan>
        </resolution>
        <resolution>
            <description>1920x1080 (1920x1080) @ 59.94 3DTB - Full Screen</description>
            <subtitles>1042</subtitles>
            <pixelratio>1.000000</pixelratio>
            <overscan>
                <left>0</left>
                <top>0</top>
                <right>1920</right>
                <bottom>1080</bottom>
            </overscan>
        </resolution>
        <resolution>
            <description>720x576 (720x576) @ 50.00 - Full Screen</description>
            <subtitles>555</subtitles>
            <pixelratio>1.422222</pixelratio>
            <overscan>
                <left>0</left>
                <top>0</top>
                <right>720</right>
                <bottom>576</bottom>
            </overscan>
        </resolution>
        <resolution>
            <description>1280x720 (1280x720) @ 50.00 - Full Screen</description>
            <subtitles>727</subtitles>
            <pixelratio>0.950872</pixelratio>
            <overscan>
                <left>24</left>
                <top>15</top>
                <right>1254</right>
                <bottom>704</bottom>
            </overscan>
        </resolution>
        <resolution>
            <description>1280x720 (1280x720) @ 50.00 3DSBS - Full Screen</description>
            <subtitles>727</subtitles>
            <pixelratio>0.950872</pixelratio>
            <overscan>
                <left>24</left>
                <top>15</top>
                <right>1254</right>
                <bottom>704</bottom>
            </overscan>
        </resolution>
        <resolution>
            <description>1280x720 (1280x720) @ 50.00 3DTB - Full Screen</description>
            <subtitles>727</subtitles>
            <pixelratio>0.950872</pixelratio>
            <overscan>
                <left>24</left>
                <top>15</top>
                <right>1254</right>
                <bottom>704</bottom>
            </overscan>
        </resolution>
        <resolution>
            <description>1920x1080 (1920x1080) @ 50.00 - Full Screen</description>
            <subtitles>1042</subtitles>
            <pixelratio>1.000000</pixelratio>
            <overscan>
                <left>0</left>
                <top>0</top>
                <right>1920</right>
                <bottom>1080</bottom>
            </overscan>
        </resolution>
        <resolution>
            <description>1920x1080 (1920x1080) @ 50.00 3DSBS - Full Screen</description>
            <subtitles>1042</subtitles>
            <pixelratio>1.000000</pixelratio>
            <overscan>
                <left>0</left>
                <top>0</top>
                <right>1920</right>
                <bottom>1080</bottom>
            </overscan>
        </resolution>
        <resolution>
            <description>1920x1080 (1920x1080) @ 50.00 3DTB - Full Screen</description>
            <subtitles>1042</subtitles>
            <pixelratio>1.000000</pixelratio>
            <overscan>
                <left>0</left>
                <top>0</top>
                <right>1920</right>
                <bottom>1080</bottom>
            </overscan>
        </resolution>
        <resolution>
            <description>1920x1080 (1920x1080) @ 24.00 - Full Screen</description>
            <subtitles>1042</subtitles>
            <pixelratio>1.000000</pixelratio>
            <overscan>
                <left>0</left>
                <top>0</top>
                <right>1920</right>
                <bottom>1080</bottom>
            </overscan>
        </resolution>
        <resolution>
            <description>1920x1080 (1920x1080) @ 23.98 - Full Screen</description>
            <subtitles>1042</subtitles>
            <pixelratio>1.000000</pixelratio>
            <overscan>
                <left>0</left>
                <top>0</top>
                <right>1920</right>
                <bottom>1080</bottom>
            </overscan>
        </resolution>
        <resolution>
            <description>1920x1080 (1920x1080) @ 24.00 3DSBS - Full Screen</description>
            <subtitles>1042</subtitles>
            <pixelratio>1.000000</pixelratio>
            <overscan>
                <left>0</left>
                <top>0</top>
                <right>1920</right>
                <bottom>1080</bottom>
            </overscan>
        </resolution>
        <resolution>
            <description>1920x1080 (1920x1080) @ 23.98 3DSBS - Full Screen</description>
            <subtitles>1042</subtitles>
            <pixelratio>1.000000</pixelratio>
            <overscan>
                <left>0</left>
                <top>0</top>
                <right>1920</right>
                <bottom>1080</bottom>
            </overscan>
        </resolution>
        <resolution>
            <description>1920x1080 (1920x1080) @ 24.00 3DTB - Full Screen</description>
            <subtitles>1042</subtitles>
            <pixelratio>1.000000</pixelratio>
            <overscan>
                <left>0</left>
                <top>0</top>
                <right>1920</right>
                <bottom>1080</bottom>
            </overscan>
        </resolution>
        <resolution>
            <description>1920x1080 (1920x1080) @ 23.98 3DTB - Full Screen</description>
            <subtitles>1042</subtitles>
            <pixelratio>1.000000</pixelratio>
            <overscan>
                <left>0</left>
                <top>0</top>
                <right>1920</right>
                <bottom>1080</bottom>
            </overscan>
        </resolution>
        <resolution>
            <description>1920x1080 (1920x1080) @ 25.00 - Full Screen</description>
            <subtitles>1042</subtitles>
            <pixelratio>1.000000</pixelratio>
            <overscan>
                <left>0</left>
                <top>0</top>
                <right>1920</right>
                <bottom>1080</bottom>
            </overscan>
        </resolution>
        <resolution>
            <description>1920x1080 (1920x1080) @ 25.00 3DSBS - Full Screen</description>
            <subtitles>1042</subtitles>
            <pixelratio>1.000000</pixelratio>
            <overscan>
                <left>0</left>
                <top>0</top>
                <right>1920</right>
                <bottom>1080</bottom>
            </overscan>
        </resolution>
        <resolution>
            <description>1920x1080 (1920x1080) @ 25.00 3DTB - Full Screen</description>
            <subtitles>1042</subtitles>
            <pixelratio>1.000000</pixelratio>
            <overscan>
                <left>0</left>
                <top>0</top>
                <right>1920</right>
                <bottom>1080</bottom>
            </overscan>
        </resolution>
        <resolution>
            <description>1920x1080 (1920x1080) @ 30.00 - Full Screen</description>
            <subtitles>1042</subtitles>
            <pixelratio>1.000000</pixelratio>
            <overscan>
                <left>0</left>
                <top>0</top>
                <right>1920</right>
                <bottom>1080</bottom>
            </overscan>
        </resolution>
        <resolution>
            <description>1920x1080 (1920x1080) @ 29.97 - Full Screen</description>
            <subtitles>1042</subtitles>
            <pixelratio>1.000000</pixelratio>
            <overscan>
                <left>0</left>
                <top>0</top>
                <right>1920</right>
                <bottom>1080</bottom>
            </overscan>
        </resolution>
        <resolution>
            <description>1920x1080 (1920x1080) @ 30.00 3DSBS - Full Screen</description>
            <subtitles>1042</subtitles>
            <pixelratio>1.000000</pixelratio>
            <overscan>
                <left>0</left>
                <top>0</top>
                <right>1920</right>
                <bottom>1080</bottom>
            </overscan>
        </resolution>
        <resolution>
            <description>1920x1080 (1920x1080) @ 29.97 3DSBS - Full Screen</description>
            <subtitles>1042</subtitles>
            <pixelratio>1.000000</pixelratio>
            <overscan>
                <left>0</left>
                <top>0</top>
                <right>1920</right>
                <bottom>1080</bottom>
            </overscan>
        </resolution>
        <resolution>
            <description>1920x1080 (1920x1080) @ 30.00 3DTB - Full Screen</description>
            <subtitles>1042</subtitles>
            <pixelratio>1.000000</pixelratio>
            <overscan>
                <left>0</left>
                <top>0</top>
                <right>1920</right>
                <bottom>1080</bottom>
            </overscan>
        </resolution>
        <resolution>
            <description>1920x1080 (1920x1080) @ 29.97 3DTB - Full Screen</description>
            <subtitles>1042</subtitles>
            <pixelratio>1.000000</pixelratio>
            <overscan>
                <left>0</left>
                <top>0</top>
                <right>1920</right>
                <bottom>1080</bottom>
            </overscan>
        </resolution>
        <resolution>
            <description>640x480 (640x480) @ 72.00 - Full Screen</description>
            <subtitles>463</subtitles>
            <pixelratio>1.000000</pixelratio>
            <overscan>
                <left>0</left>
                <top>0</top>
                <right>640</right>
                <bottom>480</bottom>
            </overscan>
        </resolution>
        <resolution>
            <description>640x480 (640x480) @ 75.00 - Full Screen</description>
            <subtitles>463</subtitles>
            <pixelratio>1.000000</pixelratio>
            <overscan>
                <left>0</left>
                <top>0</top>
                <right>640</right>
                <bottom>480</bottom>
            </overscan>
        </resolution>
        <resolution>
            <description>800x600 (800x600) @ 60.00 - Full Screen</description>
            <subtitles>579</subtitles>
            <pixelratio>1.000000</pixelratio>
            <overscan>
                <left>0</left>
                <top>0</top>
                <right>800</right>
                <bottom>600</bottom>
            </overscan>
        </resolution>
        <resolution>
            <description>800x600 (800x600) @ 59.94 - Full Screen</description>
            <subtitles>579</subtitles>
            <pixelratio>1.000000</pixelratio>
            <overscan>
                <left>0</left>
                <top>0</top>
                <right>800</right>
                <bottom>600</bottom>
            </overscan>
        </resolution>
        <resolution>
            <description>800x600 (800x600) @ 72.00 - Full Screen</description>
            <subtitles>579</subtitles>
            <pixelratio>1.000000</pixelratio>
            <overscan>
                <left>0</left>
                <top>0</top>
                <right>800</right>
                <bottom>600</bottom>
            </overscan>
        </resolution>
        <resolution>
            <description>800x600 (800x600) @ 75.00 - Full Screen</description>
            <subtitles>579</subtitles>
            <pixelratio>1.000000</pixelratio>
            <overscan>
                <left>0</left>
                <top>0</top>
                <right>800</right>
                <bottom>600</bottom>
            </overscan>
        </resolution>
        <resolution>
            <description>1024x768 (1024x768) @ 60.00 - Full Screen</description>
            <subtitles>741</subtitles>
            <pixelratio>1.000000</pixelratio>
            <overscan>
                <left>0</left>
                <top>0</top>
                <right>1024</right>
                <bottom>768</bottom>
            </overscan>
        </resolution>
        <resolution>
            <description>1024x768 (1024x768) @ 59.94 - Full Screen</description>
            <subtitles>741</subtitles>
            <pixelratio>1.000000</pixelratio>
            <overscan>
                <left>0</left>
                <top>0</top>
                <right>1024</right>
                <bottom>768</bottom>
            </overscan>
        </resolution>
        <resolution>
            <description>1024x768 (1024x768) @ 70.00 - Full Screen</description>
            <subtitles>741</subtitles>
            <pixelratio>1.000000</pixelratio>
            <overscan>
                <left>0</left>
                <top>0</top>
                <right>1024</right>
                <bottom>768</bottom>
            </overscan>
        </resolution>
        <resolution>
            <description>1024x768 (1024x768) @ 75.00 - Full Screen</description>
            <subtitles>741</subtitles>
            <pixelratio>1.000000</pixelratio>
            <overscan>
                <left>0</left>
                <top>0</top>
                <right>1024</right>
                <bottom>768</bottom>
            </overscan>
        </resolution>
        <resolution>
            <description>1152x864 (1152x864) @ 75.00 - Full Screen</description>
            <subtitles>833</subtitles>
            <pixelratio>1.000000</pixelratio>
            <overscan>
                <left>0</left>
                <top>0</top>
                <right>1152</right>
                <bottom>864</bottom>
            </overscan>
        </resolution>
        <resolution>
            <description>1280x800 (1280x800) @ 60.00 - Full Screen</description>
            <subtitles>772</subtitles>
            <pixelratio>1.000000</pixelratio>
            <overscan>
                <left>0</left>
                <top>0</top>
                <right>1280</right>
                <bottom>800</bottom>
            </overscan>
        </resolution>
        <resolution>
            <description>1280x800 (1280x800) @ 59.94 - Full Screen</description>
            <subtitles>772</subtitles>
            <pixelratio>1.000000</pixelratio>
            <overscan>
                <left>0</left>
                <top>0</top>
                <right>1280</right>
                <bottom>800</bottom>
            </overscan>
        </resolution>
        <resolution>
            <description>1280x960 (1280x960) @ 60.00 - Full Screen</description>
            <subtitles>926</subtitles>
            <pixelratio>1.000000</pixelratio>
            <overscan>
                <left>0</left>
                <top>0</top>
                <right>1280</right>
                <bottom>960</bottom>
            </overscan>
        </resolution>
        <resolution>
            <description>1280x960 (1280x960) @ 59.94 - Full Screen</description>
            <subtitles>926</subtitles>
            <pixelratio>1.000000</pixelratio>
            <overscan>
                <left>0</left>
                <top>0</top>
                <right>1280</right>
                <bottom>960</bottom>
            </overscan>
        </resolution>
        <resolution>
            <description>1280x1024 (1280x1024) @ 60.00 - Full Screen</description>
            <subtitles>988</subtitles>
            <pixelratio>1.000000</pixelratio>
            <overscan>
                <left>0</left>
                <top>0</top>
                <right>1280</right>
                <bottom>1024</bottom>
            </overscan>
        </resolution>
        <resolution>
            <description>1280x1024 (1280x1024) @ 59.94 - Full Screen</description>
            <subtitles>988</subtitles>
            <pixelratio>1.000000</pixelratio>
            <overscan>
                <left>0</left>
                <top>0</top>
                <right>1280</right>
                <bottom>1024</bottom>
            </overscan>
        </resolution>
        <resolution>
            <description>1280x1024 (1280x1024) @ 75.00 - Full Screen</description>
            <subtitles>988</subtitles>
            <pixelratio>1.000000</pixelratio>
            <overscan>
                <left>0</left>
                <top>0</top>
                <right>1280</right>
                <bottom>1024</bottom>
            </overscan>
        </resolution>
        <resolution>
            <description>1360x768 (1360x768) @ 60.00 - Full Screen</description>
            <subtitles>741</subtitles>
            <pixelratio>1.003922</pixelratio>
            <overscan>
                <left>0</left>
                <top>0</top>
                <right>1360</right>
                <bottom>768</bottom>
            </overscan>
        </resolution>
        <resolution>
            <description>1360x768 (1360x768) @ 59.94 - Full Screen</description>
            <subtitles>741</subtitles>
            <pixelratio>1.003922</pixelratio>
            <overscan>
                <left>0</left>
                <top>0</top>
                <right>1360</right>
                <bottom>768</bottom>
            </overscan>
        </resolution>
        <resolution>
            <description>1440x900 (1440x900) @ 60.00 - Full Screen</description>
            <subtitles>868</subtitles>
            <pixelratio>1.000000</pixelratio>
            <overscan>
                <left>0</left>
                <top>0</top>
                <right>1440</right>
                <bottom>900</bottom>
            </overscan>
        </resolution>
        <resolution>
            <description>1440x900 (1440x900) @ 59.94 - Full Screen</description>
            <subtitles>868</subtitles>
            <pixelratio>1.000000</pixelratio>
            <overscan>
                <left>0</left>
                <top>0</top>
                <right>1440</right>
                <bottom>900</bottom>
            </overscan>
        </resolution>
        <resolution>
            <description>1440x900 (1440x900) @ 75.00 - Full Screen</description>
            <subtitles>868</subtitles>
            <pixelratio>1.000000</pixelratio>
            <overscan>
                <left>0</left>
                <top>0</top>
                <right>1440</right>
                <bottom>900</bottom>
            </overscan>
        </resolution>
        <resolution>
            <description>1600x1200 (1440x1080) @ 60.00 - Full Screen</description>
            <subtitles>1158</subtitles>
            <pixelratio>1.000000</pixelratio>
            <overscan>
                <left>0</left>
                <top>0</top>
                <right>1440</right>
                <bottom>1080</bottom>
            </overscan>
        </resolution>
        <resolution>
            <description>1600x1200 (1440x1080) @ 59.94 - Full Screen</description>
            <subtitles>1158</subtitles>
            <pixelratio>1.000000</pixelratio>
            <overscan>
                <left>0</left>
                <top>0</top>
                <right>1440</right>
                <bottom>1080</bottom>
            </overscan>
        </resolution>
        <resolution>
            <description>1680x1050 (1680x1050) @ 60.00 - Full Screen</description>
            <subtitles>1013</subtitles>
            <pixelratio>1.000000</pixelratio>
            <overscan>
                <left>0</left>
                <top>0</top>
                <right>1680</right>
                <bottom>1050</bottom>
            </overscan>
        </resolution>
        <resolution>
            <description>1680x1050 (1680x1050) @ 59.94 - Full Screen</description>
            <subtitles>1013</subtitles>
            <pixelratio>1.000000</pixelratio>
            <overscan>
                <left>0</left>
                <top>0</top>
                <right>1680</right>
                <bottom>1050</bottom>
            </overscan>
        </resolution>
        <resolution>
            <description>1920x1080 (1280x720) @ 60.00 - Full Screen</description>
            <subtitles>1042</subtitles>
            <pixelratio>1.000000</pixelratio>
            <overscan>
                <left>0</left>
                <top>0</top>
                <right>1280</right>
                <bottom>720</bottom>
            </overscan>
        </resolution>
        <resolution>
            <description>1920x1080 (1280x720) @ 59.94 - Full Screen</description>
            <subtitles>1042</subtitles>
            <pixelratio>1.000000</pixelratio>
            <overscan>
                <left>0</left>
                <top>0</top>
                <right>1280</right>
                <bottom>720</bottom>
            </overscan>
        </resolution>
        <resolution>
            <description>1920x1080 (1280x720) @ 60.00 3DSBS - Full Screen</description>
            <subtitles>694</subtitles>
            <pixelratio>1.000000</pixelratio>
            <overscan>
                <left>0</left>
                <top>0</top>
                <right>1280</right>
                <bottom>720</bottom>
            </overscan>
        </resolution>
        <resolution>
            <description>1920x1080 (1280x720) @ 59.94 3DSBS - Full Screen</description>
            <subtitles>694</subtitles>
            <pixelratio>1.000000</pixelratio>
            <overscan>
                <left>0</left>
                <top>0</top>
                <right>1280</right>
                <bottom>720</bottom>
            </overscan>
        </resolution>
        <resolution>
            <description>1920x1080 (1280x720) @ 60.00 3DTB - Full Screen</description>
            <subtitles>694</subtitles>
            <pixelratio>1.000000</pixelratio>
            <overscan>
                <left>0</left>
                <top>0</top>
                <right>1280</right>
                <bottom>720</bottom>
            </overscan>
        </resolution>
        <resolution>
            <description>1920x1080 (1280x720) @ 59.94 3DTB - Full Screen</description>
            <subtitles>694</subtitles>
            <pixelratio>1.000000</pixelratio>
            <overscan>
                <left>0</left>
                <top>0</top>
                <right>1280</right>
                <bottom>720</bottom>
            </overscan>
        </resolution>
        <resolution>
            <description>1920x1080 (1280x720) @ 50.00 - Full Screen</description>
            <subtitles>1042</subtitles>
            <pixelratio>1.000000</pixelratio>
            <overscan>
                <left>0</left>
                <top>0</top>
                <right>1280</right>
                <bottom>720</bottom>
            </overscan>
        </resolution>
        <resolution>
            <description>1920x1080 (1280x720) @ 50.00 3DSBS - Full Screen</description>
            <subtitles>694</subtitles>
            <pixelratio>1.000000</pixelratio>
            <overscan>
                <left>0</left>
                <top>0</top>
                <right>1280</right>
                <bottom>720</bottom>
            </overscan>
        </resolution>
        <resolution>
            <description>1920x1080 (1280x720) @ 50.00 3DTB - Full Screen</description>
            <subtitles>694</subtitles>
            <pixelratio>1.000000</pixelratio>
            <overscan>
                <left>0</left>
                <top>0</top>
                <right>1280</right>
                <bottom>720</bottom>
            </overscan>
        </resolution>
        <resolution>
            <description>1920x1080 (1280x720) @ 24.00 - Full Screen</description>
            <subtitles>1042</subtitles>
            <pixelratio>1.000000</pixelratio>
            <overscan>
                <left>0</left>
                <top>0</top>
                <right>1280</right>
                <bottom>720</bottom>
            </overscan>
        </resolution>
        <resolution>
            <description>1920x1080 (1280x720) @ 23.98 - Full Screen</description>
            <subtitles>1042</subtitles>
            <pixelratio>1.000000</pixelratio>
            <overscan>
                <left>0</left>
                <top>0</top>
                <right>1280</right>
                <bottom>720</bottom>
            </overscan>
        </resolution>
        <resolution>
            <description>1920x1080 (1280x720) @ 24.00 3DSBS - Full Screen</description>
            <subtitles>694</subtitles>
            <pixelratio>1.000000</pixelratio>
            <overscan>
                <left>0</left>
                <top>0</top>
                <right>1280</right>
                <bottom>720</bottom>
            </overscan>
        </resolution>
        <resolution>
            <description>1920x1080 (1280x720) @ 23.98 3DSBS - Full Screen</description>
            <subtitles>694</subtitles>
            <pixelratio>1.000000</pixelratio>
            <overscan>
                <left>0</left>
                <top>0</top>
                <right>1280</right>
                <bottom>720</bottom>
            </overscan>
        </resolution>
        <resolution>
            <description>1920x1080 (1280x720) @ 24.00 3DTB - Full Screen</description>
            <subtitles>694</subtitles>
            <pixelratio>1.000000</pixelratio>
            <overscan>
                <left>0</left>
                <top>0</top>
                <right>1280</right>
                <bottom>720</bottom>
            </overscan>
        </resolution>
        <resolution>
            <description>1920x1080 (1280x720) @ 23.98 3DTB - Full Screen</description>
            <subtitles>694</subtitles>
            <pixelratio>1.000000</pixelratio>
            <overscan>
                <left>0</left>
                <top>0</top>
                <right>1280</right>
                <bottom>720</bottom>
            </overscan>
        </resolution>
        <resolution>
            <description>1920x1080 (1280x720) @ 25.00 - Full Screen</description>
            <subtitles>1042</subtitles>
            <pixelratio>1.000000</pixelratio>
            <overscan>
                <left>0</left>
                <top>0</top>
                <right>1280</right>
                <bottom>720</bottom>
            </overscan>
        </resolution>
        <resolution>
            <description>1920x1080 (1280x720) @ 25.00 3DSBS - Full Screen</description>
            <subtitles>694</subtitles>
            <pixelratio>1.000000</pixelratio>
            <overscan>
                <left>0</left>
                <top>0</top>
                <right>1280</right>
                <bottom>720</bottom>
            </overscan>
        </resolution>
        <resolution>
            <description>1920x1080 (1280x720) @ 25.00 3DTB - Full Screen</description>
            <subtitles>694</subtitles>
            <pixelratio>1.000000</pixelratio>
            <overscan>
                <left>0</left>
                <top>0</top>
                <right>1280</right>
                <bottom>720</bottom>
            </overscan>
        </resolution>
        <resolution>
            <description>1920x1080 (1280x720) @ 30.00 - Full Screen</description>
            <subtitles>1042</subtitles>
            <pixelratio>1.000000</pixelratio>
            <overscan>
                <left>0</left>
                <top>0</top>
                <right>1280</right>
                <bottom>720</bottom>
            </overscan>
        </resolution>
        <resolution>
            <description>1920x1080 (1280x720) @ 29.97 - Full Screen</description>
            <subtitles>1042</subtitles>
            <pixelratio>1.000000</pixelratio>
            <overscan>
                <left>0</left>
                <top>0</top>
                <right>1280</right>
                <bottom>720</bottom>
            </overscan>
        </resolution>
        <resolution>
            <description>1920x1080 (1280x720) @ 30.00 3DSBS - Full Screen</description>
            <subtitles>694</subtitles>
            <pixelratio>1.000000</pixelratio>
            <overscan>
                <left>0</left>
                <top>0</top>
                <right>1280</right>
                <bottom>720</bottom>
            </overscan>
        </resolution>
        <resolution>
            <description>1920x1080 (1280x720) @ 29.97 3DSBS - Full Screen</description>
            <subtitles>694</subtitles>
            <pixelratio>1.000000</pixelratio>
            <overscan>
                <left>0</left>
                <top>0</top>
                <right>1280</right>
                <bottom>720</bottom>
            </overscan>
        </resolution>
        <resolution>
            <description>1920x1080 (1280x720) @ 30.00 3DTB - Full Screen</description>
            <subtitles>694</subtitles>
            <pixelratio>1.000000</pixelratio>
            <overscan>
                <left>0</left>
                <top>0</top>
                <right>1280</right>
                <bottom>720</bottom>
            </overscan>
        </resolution>
        <resolution>
            <description>1920x1080 (1280x720) @ 29.97 3DTB - Full Screen</description>
            <subtitles>694</subtitles>
            <pixelratio>1.000000</pixelratio>
            <overscan>
                <left>0</left>
                <top>0</top>
                <right>1280</right>
                <bottom>720</bottom>
            </overscan>
        </resolution>
        <resolution>
            <description>1024x768 (960x720) @ 60.00 - Full Screen</description>
            <subtitles>741</subtitles>
            <pixelratio>1.000000</pixelratio>
            <overscan>
                <left>0</left>
                <top>0</top>
                <right>960</right>
                <bottom>720</bottom>
            </overscan>
        </resolution>
        <resolution>
            <description>1024x768 (960x720) @ 59.94 - Full Screen</description>
            <subtitles>741</subtitles>
            <pixelratio>1.000000</pixelratio>
            <overscan>
                <left>0</left>
                <top>0</top>
                <right>960</right>
                <bottom>720</bottom>
            </overscan>
        </resolution>
        <resolution>
            <description>1024x768 (960x720) @ 70.00 - Full Screen</description>
            <subtitles>741</subtitles>
            <pixelratio>1.000000</pixelratio>
            <overscan>
                <left>0</left>
                <top>0</top>
                <right>960</right>
                <bottom>720</bottom>
            </overscan>
        </resolution>
        <resolution>
            <description>1024x768 (960x720) @ 75.00 - Full Screen</description>
            <subtitles>741</subtitles>
            <pixelratio>1.000000</pixelratio>
            <overscan>
                <left>0</left>
                <top>0</top>
                <right>960</right>
                <bottom>720</bottom>
            </overscan>
        </resolution>
        <resolution>
            <description>1152x864 (960x720) @ 75.00 - Full Screen</description>
            <subtitles>833</subtitles>
            <pixelratio>1.000000</pixelratio>
            <overscan>
                <left>0</left>
                <top>0</top>
                <right>960</right>
                <bottom>720</bottom>
            </overscan>
        </resolution>
        <resolution>
            <description>1280x800 (1152x720) @ 60.00 - Full Screen</description>
            <subtitles>772</subtitles>
            <pixelratio>1.000000</pixelratio>
            <overscan>
                <left>0</left>
                <top>0</top>
                <right>1152</right>
                <bottom>720</bottom>
            </overscan>
        </resolution>
        <resolution>
            <description>1280x800 (1152x720) @ 59.94 - Full Screen</description>
            <subtitles>772</subtitles>
            <pixelratio>1.000000</pixelratio>
            <overscan>
                <left>0</left>
                <top>0</top>
                <right>1152</right>
                <bottom>720</bottom>
            </overscan>
        </resolution>
        <resolution>
            <description>1280x960 (960x720) @ 60.00 - Full Screen</description>
            <subtitles>926</subtitles>
            <pixelratio>1.000000</pixelratio>
            <overscan>
                <left>0</left>
                <top>0</top>
                <right>960</right>
                <bottom>720</bottom>
            </overscan>
        </resolution>
        <resolution>
            <description>1280x960 (960x720) @ 59.94 - Full Screen</description>
            <subtitles>926</subtitles>
            <pixelratio>1.000000</pixelratio>
            <overscan>
                <left>0</left>
                <top>0</top>
                <right>960</right>
                <bottom>720</bottom>
            </overscan>
        </resolution>
        <resolution>
            <description>1280x1024 (900x720) @ 60.00 - Full Screen</description>
            <subtitles>988</subtitles>
            <pixelratio>1.000000</pixelratio>
            <overscan>
                <left>0</left>
                <top>0</top>
                <right>900</right>
                <bottom>720</bottom>
            </overscan>
        </resolution>
        <resolution>
            <description>1280x1024 (900x720) @ 59.94 - Full Screen</description>
            <subtitles>988</subtitles>
            <pixelratio>1.000000</pixelratio>
            <overscan>
                <left>0</left>
                <top>0</top>
                <right>900</right>
                <bottom>720</bottom>
            </overscan>
        </resolution>
        <resolution>
            <description>1280x1024 (900x720) @ 75.00 - Full Screen</description>
            <subtitles>988</subtitles>
            <pixelratio>1.000000</pixelratio>
            <overscan>
                <left>0</left>
                <top>0</top>
                <right>900</right>
                <bottom>720</bottom>
            </overscan>
        </resolution>
        <resolution>
            <description>1360x768 (1275x720) @ 60.00 - Full Screen</description>
            <subtitles>741</subtitles>
            <pixelratio>1.003922</pixelratio>
            <overscan>
                <left>0</left>
                <top>0</top>
                <right>1275</right>
                <bottom>720</bottom>
            </overscan>
        </resolution>
        <resolution>
            <description>1360x768 (1275x720) @ 59.94 - Full Screen</description>
            <subtitles>741</subtitles>
            <pixelratio>1.003922</pixelratio>
            <overscan>
                <left>0</left>
                <top>0</top>
                <right>1275</right>
                <bottom>720</bottom>
            </overscan>
        </resolution>
        <resolution>
            <description>1440x900 (1152x720) @ 60.00 - Full Screen</description>
            <subtitles>868</subtitles>
            <pixelratio>1.000000</pixelratio>
            <overscan>
                <left>0</left>
                <top>0</top>
                <right>1152</right>
                <bottom>720</bottom>
            </overscan>
        </resolution>
        <resolution>
            <description>1440x900 (1152x720) @ 59.94 - Full Screen</description>
            <subtitles>868</subtitles>
            <pixelratio>1.000000</pixelratio>
            <overscan>
                <left>0</left>
                <top>0</top>
                <right>1152</right>
                <bottom>720</bottom>
            </overscan>
        </resolution>
        <resolution>
            <description>1440x900 (1152x720) @ 75.00 - Full Screen</description>
            <subtitles>868</subtitles>
            <pixelratio>1.000000</pixelratio>
            <overscan>
                <left>0</left>
                <top>0</top>
                <right>1152</right>
                <bottom>720</bottom>
            </overscan>
        </resolution>
        <resolution>
            <description>1600x1200 (960x720) @ 60.00 - Full Screen</description>
            <subtitles>1158</subtitles>
            <pixelratio>1.000000</pixelratio>
            <overscan>
                <left>0</left>
                <top>0</top>
                <right>960</right>
                <bottom>720</bottom>
            </overscan>
        </resolution>
        <resolution>
            <description>1600x1200 (960x720) @ 59.94 - Full Screen</description>
            <subtitles>1158</subtitles>
            <pixelratio>1.000000</pixelratio>
            <overscan>
                <left>0</left>
                <top>0</top>
                <right>960</right>
                <bottom>720</bottom>
            </overscan>
        </resolution>
        <resolution>
            <description>1680x1050 (1152x720) @ 60.00 - Full Screen</description>
            <subtitles>1013</subtitles>
            <pixelratio>1.000000</pixelratio>
            <overscan>
                <left>0</left>
                <top>0</top>
                <right>1152</right>
                <bottom>720</bottom>
            </overscan>
        </resolution>
        <resolution>
            <description>1680x1050 (1152x720) @ 59.94 - Full Screen</description>
            <subtitles>1013</subtitles>
            <pixelratio>1.000000</pixelratio>
            <overscan>
                <left>0</left>
                <top>0</top>
                <right>1152</right>
                <bottom>720</bottom>
            </overscan>
        </resolution>
    </resolutions>
    <defaultvideosettings>
        <deinterlacemode>0</deinterlacemode>
        <interlacemethod>1</interlacemethod>
        <scalingmethod>1</scalingmethod>
        <noisereduction>0.000000</noisereduction>
        <postprocess>false</postprocess>
        <sharpness>0.000000</sharpness>
        <viewmode>0</viewmode>
        <zoomamount>1.000000</zoomamount>
        <pixelratio>1.000000</pixelratio>
        <verticalshift>0.000000</verticalshift>
        <volumeamplification>0.000000</volumeamplification>
        <outputtoallspeakers>false</outputtoallspeakers>
        <showsubtitles>true</showsubtitles>
        <brightness>50.000000</brightness>
        <contrast>50.000000</contrast>
        <gamma>20.000000</gamma>
        <audiodelay>0.000000</audiodelay>
        <subtitledelay>0.000000</subtitledelay>
        <autocrop>false</autocrop>
        <nonlinstretch>false</nonlinstretch>
        <stereomode>0</stereomode>
    </defaultvideosettings>
    <viewstates>
        <musicfiles>
            <viewmode>720896</viewmode>
            <sortmethod>1</sortmethod>
            <sortorder>1</sortorder>
            <sortattributes>0</sortattributes>
        </musicfiles>
        <musiclastfm>
            <viewmode>65536</viewmode>
            <sortmethod>1</sortmethod>
            <sortorder>1</sortorder>
            <sortattributes>0</sortattributes>
        </musiclastfm>
        <musicnavalbums>
            <viewmode>65536</viewmode>
            <sortmethod>1</sortmethod>
            <sortorder>1</sortorder>
            <sortattributes>0</sortattributes>
        </musicnavalbums>
        <musicnavartists>
            <viewmode>65536</viewmode>
            <sortmethod>1</sortmethod>
            <sortorder>1</sortorder>
            <sortattributes>0</sortattributes>
        </musicnavartists>
        <musicnavsongs>
            <viewmode>65536</viewmode>
            <sortmethod>1</sortmethod>
            <sortorder>1</sortorder>
            <sortattributes>0</sortattributes>
        </musicnavsongs>
        <pictures>
            <viewmode>720896</viewmode>
            <sortmethod>1</sortmethod>
            <sortorder>1</sortorder>
            <sortattributes>0</sortattributes>
        </pictures>
        <programs>
            <viewmode>720896</viewmode>
            <sortmethod>1</sortmethod>
            <sortorder>1</sortorder>
            <sortattributes>0</sortattributes>
        </programs>
        <videofiles>
            <viewmode>720896</viewmode>
            <sortmethod>1</sortmethod>
            <sortorder>1</sortorder>
            <sortattributes>0</sortattributes>
        </videofiles>
        <videonavactors>
            <viewmode>65536</viewmode>
            <sortmethod>1</sortmethod>
            <sortorder>1</sortorder>
            <sortattributes>0</sortattributes>
        </videonavactors>
        <videonavepisodes>
            <viewmode>66040</viewmode>
            <sortmethod>21</sortmethod>
            <sortorder>1</sortorder>
            <sortattributes>0</sortattributes>
        </videonavepisodes>
        <videonavgenres>
            <viewmode>65536</viewmode>
            <sortmethod>1</sortmethod>
            <sortorder>1</sortorder>
            <sortattributes>0</sortattributes>
        </videonavgenres>
        <videonavmusicvideos>
            <viewmode>65536</viewmode>
            <sortmethod>1</sortmethod>
            <sortorder>1</sortorder>
            <sortattributes>0</sortattributes>
        </videonavmusicvideos>
        <videonavseasons>
            <viewmode>65536</viewmode>
            <sortmethod>1</sortmethod>
            <sortorder>1</sortorder>
            <sortattributes>0</sortattributes>
        </videonavseasons>
        <videonavtitles>
            <viewmode>66051</viewmode>
            <sortmethod>27</sortmethod>
            <sortorder>1</sortorder>
            <sortattributes>1</sortattributes>
        </videonavtitles>
        <videonavtvshows>
            <viewmode>66051</viewmode>
            <sortmethod>27</sortmethod>
            <sortorder>1</sortorder>
            <sortattributes>1</sortattributes>
        </videonavtvshows>
        <videonavyears>
            <viewmode>65536</viewmode>
            <sortmethod>1</sortmethod>
            <sortorder>1</sortorder>
            <sortattributes>0</sortattributes>
        </videonavyears>
    </viewstates>
    <audio>
        <mute>false</mute>
        <fvolumelevel>1.000000</fvolumelevel>
    </audio>
</settings>
