<?xml version="1.0" encoding="UTF-8"?>
<window>
	<defaultcontrol>5</defaultcontrol>
    <controls>
        <control type="group">
            <include>GlobalOverlay</include>
        </control>
        <control type="group">

            <height>866</height>
            <width>1100</width>
            <include>DefDialogInfoPanel</include>
            
            <control type="label" id="2">
                <description>Header Label</description>
                <centerleft>50%</centerleft>
                <width>1000</width>
                <align>center</align>
                <label>5</label>
                <posy>15</posy>
                <font>MediumBold</font>
            </control>
  
            <control type="grouplist" id="5">
                <description>Control Area</description>
                <left>15</left>
                <right>15</right>
                <top>100</top>
                <height>618</height>
                <itemgap>3</itemgap>
                <orientation>vertical</orientation>
                <pagecontrol>60</pagecontrol>
                <onleft>28</onleft>
                <onright>28</onright>
                <onup>28</onup>
                <ondown>28</ondown>
            </control>
            
            <control type="button" id="28">
                <description>OK</description>
                <centerleft>33%</centerleft>
                <bottom>30</bottom>
                <width>270</width>
                <label>186</label>
                <onleft>29</onleft>
                <onright>29</onright>
                <onup>5</onup>
                <ondown>5</ondown>
                <font>Button</font>
                <texturefocus colordiffuse="$VAR[ColorHighlight]" border="5">common/box.png</texturefocus>
                <texturenofocus colordiffuse="Black12" border="5">common/box.png</texturenofocus>
            </control>
            <control type="button" id="29">
                <description>Defaults</description>
                <centerleft>66%</centerleft>
                <bottom>30</bottom>
                <width>270</width>
                <label>222</label>
                <onleft>28</onleft>
                <onright>28</onright>
                <onup>5</onup>
                <ondown>5</ondown>
                <font>Button</font>
                <texturefocus colordiffuse="$VAR[ColorHighlight]" border="5">common/box.png</texturefocus>
                <texturenofocus colordiffuse="Black12" border="5">common/box.png</texturenofocus>
            </control>

            <control type="button" id="7">
                <description>Default Button</description>
                <align>left</align>
                <texturefocus colordiffuse="$VAR[ColorHighlight]" border="8">common/box.png</texturefocus>
            </control>

            <control type="radiobutton" id="8">
                <description>Default RadioButton</description>
                <align>left</align>
                <radioposx>1230</radioposx>
                <texturefocus colordiffuse="$VAR[ColorHighlight]" border="8">common/box.png</texturefocus>
            </control>

            <control type="spincontrolex" id="9">
                <description>Default spincontrolex</description>
                <align>left</align>
                <reverse>yes</reverse>
                <texturefocus colordiffuse="$VAR[ColorHighlight]" border="8">common/box.png</texturefocus>
            </control>
            
            <control type="edit" id="12">
                <description>Default Button</description>
                <align>left</align>
                <texturefocus colordiffuse="$VAR[ColorHighlight]" border="8">common/box.png</texturefocus>
            </control>

            <control type="sliderex" id="13">
                <description>Default Slider</description>
                <texturefocus colordiffuse="$VAR[ColorHighlight]" border="8">common/box.png</texturefocus>
            </control>

            <control type="label" id="14">
                <description>Default Label</description>
                <align>left</align>
                <textoffsetx>10</textoffsetx>
                <font>Button</font>
            </control>
        </control>

    </controls>
	
</window>
