<?xml version="1.0" encoding="UTF-8"?>
<window type="dialog">
    <defaultcontrol>9000</defaultcontrol>
    <controls>

        <include>GlobalOverlay</include>
        <!-- Control Box -->
        <control type="group">
            <width>1780</width>
            <include>DefDialogBackground</include>
        
            <control type="group">
                <control type="label" id="2">
                    <include>DefDialogHeader</include>
                    <label>5</label>
                </control>
                <control type="label">
                    <top>110</top>
                    <left>20</left>
                    <right>20</right>
                    <height>32</height>
                    <font>Mini</font>
                    <align>center</align>
                    <label>$INFO[Container(9000).ListItem.Label2]</label>
                    <scroll>true</scroll>
                    <textcolor>Black70</textcolor>
                    <wrapmultiline>false</wrapmultiline>
                </control>
                <control type="list" id="9000">
                    <description>processing mode selection list</description>
                    <left>20</left>
                    <top>160</top>
                    <width>1750</width>
                    <height>69</height>
                    <onup>9001</onup>
                    <ondown>200</ondown>
                    <onleft>9000</onleft>
                    <onright>9000</onright>
                    <orientation>horizontal</orientation>
                    <scrolltime tween="sine" easing="out">200</scrolltime>
                    <itemlayout width="350" height="69">
                        <control type="image">
                            <left>0</left>
                            <right>10</right>
                            <height>100%</height>
                            <texture colordiffuse="Black12" border="5">common/box.png</texture>
                        </control>
                        <control type="label">
                            <left>10</left>
                            <right>20</right>
                            <height>100%</height>
                            <align>center</align>
                            <font>Button</font>
                            <textcolor>Black70</textcolor>
                            <label>$INFO[ListItem.Label]</label>
                        </control>
                    </itemlayout>
                    <focusedlayout width="350" height="69">
                        <control type="image">
                            <left>0</left>
                            <right>10</right>
                            <height>100%</height>
                            <animation effect="fade" start="100" end="50" condition="!Control.HasFocus(9000)">Conditional</animation>
                            <texture colordiffuse="$VAR[ColorHighlight]" border="5">common/box.png</texture>
                        </control>
                        <control type="label">
                            <textcolor>Selected</textcolor>
                            <label>$INFO[ListItem.Label]</label>
                            <left>10</left>
                            <right>20</right>
                            <height>100%</height>
                            <align>center</align>
                            <font>Button</font>
                        </control>
                    </focusedlayout>
                    <content>
                        <item id="91">
                            <label>1. $LOCALIZE[15057]</label>
                            <label2>$LOCALIZE[15114]</label2>
                            <visible>true</visible>
                            <onclick>noop</onclick>
                            <property name="currentMode">InputResampling</property>
                        </item>
                        <item id="92">
                            <label>2. $LOCALIZE[15058]</label>
                            <label2>$LOCALIZE[15113]</label2>
                            <visible>true</visible>
                            <onclick>noop</onclick>
                            <property name="currentMode">Preprocessing</property>
                        </item>
                        <item id="93">
                            <label>3. $LOCALIZE[15059]</label>
                            <label2>$LOCALIZE[15115]</label2>
                            <visible>true</visible>
                            <onclick>noop</onclick>
                            <property name="currentMode">Masterprocessing</property>
                        </item>
                        <item id="94">
                            <label>4. $LOCALIZE[15060]</label>
                            <label2>$LOCALIZE[15117]</label2>
                            <visible>true</visible>
                            <onclick>noop</onclick>
                            <property name="currentMode">Postprocessing</property>
                        </item>
                        <item id="95">
                            <label>5. $LOCALIZE[15061]</label>
                            <label2>$LOCALIZE[15116]</label2>
                            <visible>true</visible>
                            <onclick>noop</onclick>
                            <property name="currentMode">OutputResampling</property>
                        </item>
                    </content>
                </control>
            </control>
            
            <control type="group" id="200">
                <description>available- and active mode lists</description>
                <left>20</left>
                <top>330</top>
                <width>1740</width>
                <height>414</height>
                <ondown>9001</ondown>
                <onup>9000</onup>
                <control type="group">
                    <description>available modes group</description>
                    <width>865</width>
                    <control type="label">
                        <top>-50</top>
                        <font>Button</font>
                        <height>50</height>
                        <width>100%</width>
                        <textcolor>Black70</textcolor>
                        <label>$LOCALIZE[15050] ($INFO[Container(20).NumItems])</label>
                    </control>
                    <control type="image">
                        <width>100%</width>
                        <height>100%</height>
                        <texture colordiffuse="Black12" border="5">common/box.png</texture>
                    </control>
                    <control type="panel" id="20">
                        <description>available modes list</description>
                        <width>100%</width>
                        <height>100%</height>
                        <onup>9000</onup>
                        <ondown>9001</ondown>
                        <onright>21</onright>
                        <scrolltime>200</scrolltime>
                        <pagecontrol>60</pagecontrol>
                        <itemlayout height="138" width="865">
                            <control type="image">
                                <top>10</top>
                                <left>10</left>
                                <width>118</width>
                                <height>118</height>
                                <texture>$INFO[ListItem.Property(Icon)]</texture>
                                <aspectratio aligny="center" align="left">keep</aspectratio>
                                <visible>!StringCompare(ListItem.Property(Icon),"")</visible>
                            </control>
                            <control type="image">
                                <top>10</top>
                                <left>10</left>
                                <width>118</width>
                                <height>118</height>
                                <texture>DefaultAudioDSP.png</texture>
                                <aspectratio aligny="center" align="left">keep</aspectratio>
                                <visible>StringCompare(ListItem.Property(Icon),"")</visible>
                            </control>
                            <control type="label">
                                <left>150</left>
                                <top>20</top>
                                <right>20</right>
                                <height>60</height>
                                <label>$INFO[ListItem.Property(AddonName)]: $INFO[ListItem.Property(Name)]</label>
                                <font>Tiny</font>
                                <textcolor>Black70</textcolor>
                            </control>
                            <control type="label">
                                <left>150</left>
                                <bottom>20</bottom>
                                <right>20</right>
                                <height>60</height>
                                <font>Mini</font>
                                <textcolor>Black70</textcolor>
                                <label>$INFO[ListItem.Property(Description)]</label>
                            </control>
                        </itemlayout>
                        <focusedlayout height="138" width="865">
                            <control type="image">
                                <width>100%</width>
                                <height>100%</height>
                                <texture colordiffuse="$VAR[ColorHighlight]" border="5">common/box.png</texture>
                            </control>
                            <control type="image">
                                <top>10</top>
                                <left>10</left>
                                <width>118</width>
                                <height>118</height>
                                <texture>$INFO[ListItem.Property(Icon)]</texture>
                                <aspectratio aligny="center" align="left">keep</aspectratio>
                                <visible>!StringCompare(ListItem.Property(Icon),"")</visible>
                            </control>
                            <control type="image">
                                <top>10</top>
                                <left>10</left>
                                <width>118</width>
                                <height>118</height>
                                <texture>DefaultAudioDSP.png</texture>
                                <aspectratio aligny="center" align="left">keep</aspectratio>
                                <visible>StringCompare(ListItem.Property(Icon),"")</visible>
                            </control>
                            <control type="label">
                                <left>150</left>
                                <top>20</top>
                                <right>20</right>
                                <height>60</height>
                                <textcolor>Selected</textcolor>
                                <label>$INFO[ListItem.Property(AddonName)]: $INFO[ListItem.Property(Name)]</label>
                                <font>Tiny</font>
                            </control>
                            <control type="label">
                                <left>150</left>
                                <bottom>20</bottom>
                                <right>20</right>
                                <height>60</height>
                                <font>Mini</font>
                                <textcolor>Selected</textcolor>
                                <label>$INFO[ListItem.Property(Description)]</label>
                            </control>
                        </focusedlayout>
                    </control>
                </control>
                <control type="group">
                    <left>875</left>
                    <width>865</width>
                    <height>100%</height>
                    <control type="label">
                        <top>-50</top>
                        <font>Button</font>
                        <height>50</height>
                        <width>100%</width>
                        <textcolor>Black70</textcolor>
                        <label>$LOCALIZE[15051] ($INFO[Container(21).NumItems])</label>
                    </control>
                    <control type="image">
                        <width>100%</width>
                        <height>100%</height>
                        <texture colordiffuse="Black12" border="5">common/box.png</texture>
                    </control>
                    
                    <control type="panel" id="21">
                        <description>available modes list</description>
                        <width>100%</width>
                        <height>100%</height>
                        <onup>9000</onup>
                        <ondown>9001</ondown>
                        <onleft>20</onleft>
                        <scrolltime>200</scrolltime>
                        <pagecontrol>61</pagecontrol>
                        <itemlayout height="138" width="865">
                            <control type="image">
                                <top>10</top>
                                <left>10</left>
                                <width>118</width>
                                <height>118</height>
                                <texture>$INFO[ListItem.Property(Icon)]</texture>
                                <aspectratio aligny="center" align="left">keep</aspectratio>
                                <visible>!StringCompare(ListItem.Property(Icon),"")</visible>
                            </control>
                            <control type="image">
                                <top>10</top>
                                <left>10</left>
                                <width>118</width>
                                <height>118</height>
                                <texture>DefaultAudioDSP.png</texture>
                                <aspectratio aligny="center" align="left">keep</aspectratio>
                                <visible>StringCompare(ListItem.Property(Icon),"")</visible>
                            </control>
                            <control type="label">
                                <left>150</left>
                                <top>20</top>
                                <right>20</right>
                                <height>60</height>
                                <label>$INFO[ListItem.Property(Number)].  $INFO[ListItem.Property(AddonName)]: $INFO[ListItem.Property(Name)]</label>
                                <textcolor>Black70</textcolor>
                                <font>Tiny</font>
                            </control>
                            <control type="label">
                                <left>150</left>
                                <bottom>20</bottom>
                                <right>20</right>
                                <height>60</height>
                                <font>Mini</font>
                                <textcolor>Black70</textcolor>
                                <label>$INFO[ListItem.Property(Description)]</label>
                            </control>
                        </itemlayout>
                        <focusedlayout height="138" width="865">
                            <control type="image">
                                <width>100%</width>
                                <height>100%</height>
                                <texture colordiffuse="$VAR[ColorHighlight]" border="5">common/box.png</texture>
                            </control>
                            <control type="image">
                                <top>10</top>
                                <left>10</left>
                                <width>118</width>
                                <height>118</height>
                                <texture>$INFO[ListItem.Property(Icon)]</texture>
                                <aspectratio aligny="center" align="left">keep</aspectratio>
                                <visible>!StringCompare(ListItem.Property(Icon),"")</visible>
                            </control>
                            <control type="image">
                                <top>10</top>
                                <left>10</left>
                                <width>118</width>
                                <height>118</height>
                                <texture>DefaultAudioDSP.png</texture>
                                <aspectratio aligny="center" align="left">keep</aspectratio>
                                <visible>StringCompare(ListItem.Property(Icon),"")</visible>
                            </control>
                            <control type="label">
                                <left>150</left>
                                <top>20</top>
                                <right>20</right>
                                <height>60</height>
                                <textcolor>Selected</textcolor>
                                <label>$INFO[ListItem.Property(Number)].  $INFO[ListItem.Property(AddonName)]: $INFO[ListItem.Property(Name)]</label>
                                <font>Tiny</font>
                            </control>
                            <control type="label">
                                <left>150</left>
                                <bottom>20</bottom>
                                <right>20</right>
                                <height>60</height>
                                <font>Mini</font>
                                <textcolor>Selected</textcolor>
                                <label>$INFO[ListItem.Property(Description)]</label>
                            </control>
                        </focusedlayout>
                    </control>
                </control>
            </control>
            
            <control type="grouplist" id="9001">
                <left>20</left>
                <right>20</right>
                <align>center</align>
                <bottom>20</bottom>
                <height>69</height>
                <itemgap>10</itemgap>
                <orientation>horizontal</orientation>
                <control type="radiobutton" id="22">
                    <description>Default RadioButton</description>
                    <onup>200</onup>
                    <ondown>9000</ondown>
                    <onleft>24</onleft>
                    <onright>23</onright>
                    <label>15064</label>
                    <width>500</width>
                    <align>left</align>
                    <radioposx>455</radioposx>
                    <texturenofocus colordiffuse="Black12" border="5">common/box.png</texturenofocus>
                    <include>DefDialogButtons</include>
                </control>
                <control type="button" id="23">
                    <description>Apply changes button</description>
                    <onup>200</onup>
                    <ondown>9000</ondown>
                    <onleft>22</onleft>
                    <onright>24</onright>
                    <label>14070</label>
                    <width>500</width>
                    <align>left</align>
                    <texturenofocus colordiffuse="Black12" border="5">common/box.png</texturenofocus>
                    <include>DefDialogButtons</include>
                </control>
                <control type="button" id="24">
                    <description>Clear active modes button</description>
                    <left>1260</left>
                    <onup>200</onup>
                    <ondown>9000</ondown>
                    <onleft>23</onleft>
                    <onright>22</onright>
                    <label>15066</label>
                    <align>left</align>
                    <width>500</width>
                    <texturenofocus colordiffuse="Black12" border="5">common/box.png</texturenofocus>
                    <include>DefDialogButtons</include>
                </control>
            </control>
        </control>

    </controls>
</window>
