<?xml version='1.0' encoding='UTF-8'?>
<includes>
	<include name="skinshortcuts-mainmenu">
		<item id="1">
			<property name="id">$NUMBER[1]</property>
			<label>On-Demand</label>
			<label2>Programma</label2>
			<icon>special://skin/extras/icons/addtile.png</icon>
			<thumb>special://skin/extras/icons/director.png</thumb>
			<property name="labelID">on-demand</property>
			<property name="defaultID" />
			<onclick>ActivateWindow(Videos,"plugin://plugin.program.super.favourites/?label=Muziek&amp;mode=400&amp;path=special%3A%2F%2Fhome%2Faddons%2Fplugin.video.afkmenu%2Fmenu%5CSuper+Favourites%5COn-Demand",return)</onclick>
			<property name="path">ActivateWindow(Videos,"plugin://plugin.program.super.favourites/?label=Muziek&amp;mode=400&amp;path=special%3A%2F%2Fhome%2Faddons%2Fplugin.video.afkmenu%2Fmenu%5CSuper+Favourites%5COn-Demand",return)</property>
			<property name="list">plugin://plugin.program.super.favourites/?label=Muziek&amp;mode=400&amp;path=special%3A%2F%2Fhome%2Faddons%2Fplugin.video.afkmenu%2Fmenu%5CSuper+Favourites%5COn-Demand</property>
			<visible>StringCompare(System.ProfileName,Master user)</visible>
			<property name="submenuVisibility">on-demand</property>
			<property name="group">mainmenu</property>
			<property name="hasSubmenu">False</property>
		</item>
		<item id="2">
			<property name="id">$NUMBER[2]</property>
			<label>Live Streams</label>
			<label2>Programma</label2>
			<icon>special://skin/extras/icons/addtile.png</icon>
			<thumb>special://skin/extras/icons/tv.png</thumb>
			<property name="labelID">livestreams</property>
			<property name="defaultID" />
			<onclick>ActivateWindow(Videos,"plugin://plugin.program.super.favourites/?label=Muziek&amp;mode=400&amp;path=special%3A%2F%2Fhome%2Faddons%2Fplugin.video.afkmenu%2Fmenu%5CSuper+Favourites%5CKanalen",return)</onclick>
			<property name="path">ActivateWindow(Videos,"plugin://plugin.program.super.favourites/?label=Muziek&amp;mode=400&amp;path=special%3A%2F%2Fhome%2Faddons%2Fplugin.video.afkmenu%2Fmenu%5CSuper+Favourites%5CKanalen",return)</property>
			<property name="list">plugin://plugin.program.super.favourites/?label=Muziek&amp;mode=400&amp;path=special%3A%2F%2Fhome%2Faddons%2Fplugin.video.afkmenu%2Fmenu%5CSuper+Favourites%5CKanalen</property>
			<visible>StringCompare(System.ProfileName,Master user)</visible>
			<property name="submenuVisibility">livestreams</property>
			<property name="group">mainmenu</property>
			<property name="hasSubmenu">True</property>
		</item>
		<item id="3">
			<property name="id">$NUMBER[3]</property>
			<label>Sports</label>
			<label2>Programma</label2>
			<icon>special://skin/extras/icons/addtile.png</icon>
			<thumb>special://skin/extras/icons/run.png</thumb>
			<property name="labelID">sports</property>
			<property name="defaultID" />
			<onclick>ActivateWindow(Videos,"plugin://plugin.program.super.favourites/?label=Muziek&amp;mode=400&amp;path=special%3A%2F%2Fhome%2Faddons%2Fplugin.video.afkmenu%2Fmenu%5CSuper+Favourites%5CSports",return)</onclick>
			<property name="path">ActivateWindow(Videos,"plugin://plugin.program.super.favourites/?label=Muziek&amp;mode=400&amp;path=special%3A%2F%2Fhome%2Faddons%2Fplugin.video.afkmenu%2Fmenu%5CSuper+Favourites%5CSports",return)</property>
			<property name="list">plugin://plugin.program.super.favourites/?label=Muziek&amp;mode=400&amp;path=special%3A%2F%2Fhome%2Faddons%2Fplugin.video.afkmenu%2Fmenu%5CSuper+Favourites%5CSports</property>
			<visible>StringCompare(System.ProfileName,Master user)</visible>
			<property name="submenuVisibility">sports</property>
			<property name="group">mainmenu</property>
			<property name="hasSubmenu">False</property>
		</item>
		<item id="4">
			<property name="id">$NUMBER[4]</property>
			<label>Muziek</label>
			<label2>Programma</label2>
			<icon>special://skin/extras/icons/addtile.png</icon>
			<thumb>special://skin/extras/icons/songs.png</thumb>
			<property name="labelID">muziek</property>
			<property name="defaultID" />
			<onclick>ActivateWindow(Videos,"plugin://plugin.program.super.favourites/?label=Muziek&amp;mode=400&amp;path=special%3A%2F%2Fhome%2Faddons%2Fplugin.video.afkmenu%2Fmenu%5CSuper+Favourites%5CMuziek",return)</onclick>
			<property name="path">ActivateWindow(Videos,"plugin://plugin.program.super.favourites/?label=Muziek&amp;mode=400&amp;path=special%3A%2F%2Fhome%2Faddons%2Fplugin.video.afkmenu%2Fmenu%5CSuper+Favourites%5CMuziek",return)</property>
			<property name="list">plugin://plugin.program.super.favourites/?label=Muziek&amp;mode=400&amp;path=special%3A%2F%2Fhome%2Faddons%2Fplugin.video.afkmenu%2Fmenu%5CSuper+Favourites%5CMuziek</property>
			<visible>StringCompare(System.ProfileName,Master user)</visible>
			<property name="submenuVisibility">muziek</property>
			<property name="group">mainmenu</property>
			<property name="hasSubmenu">False</property>
		</item>
		<item id="5">
			<property name="id">$NUMBER[5]</property>
			<label>Extra</label>
			<label2>Programma</label2>
			<icon>special://skin/extras/icons/addtile.png</icon>
			<thumb>special://skin/extras/icons/title.png</thumb>
			<property name="labelID">extra</property>
			<property name="defaultID" />
			<onclick>ActivateWindow(Videos,"plugin://plugin.program.super.favourites/?label=Bestandsbeheer&amp;mode=400&amp;path=special%3A%2F%2Fhome%2Faddons%2Fplugin.video.afkmenu%2Fmenu%5CSuper+Favourites%5CExtra",return)</onclick>
			<property name="path">ActivateWindow(Videos,"plugin://plugin.program.super.favourites/?label=Bestandsbeheer&amp;mode=400&amp;path=special%3A%2F%2Fhome%2Faddons%2Fplugin.video.afkmenu%2Fmenu%5CSuper+Favourites%5CExtra",return)</property>
			<property name="list">plugin://plugin.program.super.favourites/?label=Bestandsbeheer&amp;mode=400&amp;path=special%3A%2F%2Fhome%2Faddons%2Fplugin.video.afkmenu%2Fmenu%5CSuper+Favourites%5CExtra</property>
			<visible>StringCompare(System.ProfileName,Master user)</visible>
			<property name="submenuVisibility">extra</property>
			<property name="group">mainmenu</property>
			<property name="hasSubmenu">True</property>
		</item>
		<item id="6">
			<property name="id">$NUMBER[6]</property>
			<label>Menu</label>
			<label2>Aangepaste snelkoppeling</label2>
			<icon>special://skin/extras/icons/addtile.png</icon>
			<thumb>special://skin/extras/icons/addons.png</thumb>
			<property name="labelID">menu</property>
			<property name="defaultID">instellingen</property>
			<onclick>ActivateWindow(shutdownmenu)</onclick>
			<property name="path">ActivateWindow(shutdownmenu)</property>
			<property name="list">shutdownmenu</property>
			<visible>StringCompare(System.ProfileName,Master user)</visible>
			<property name="submenuVisibility">menu</property>
			<property name="group">mainmenu</property>
			<property name="hasSubmenu">False</property>
		</item>
	</include>
	<include />
	<include name="skinshortcuts-submenu">
		<item id="1">
			<property name="id">$NUMBER[1]</property>
			<property name="mainmenuid">2</property>
			<label>IPTV PVR</label>
			<label2>Algemene snelkoppeling</label2>
			<icon>special://skin/extras/icons/livetv.png</icon>
			<thumb />
			<property name="labelID">iptvpvr</property>
			<property name="defaultID" />
			<visible>[PVR.HasTVChannels] + StringCompare(Container(300).ListItem.Property(submenuVisibility),livestreams)</visible>
			<onclick>ActivateWindow(TVChannels)</onclick>
			<property name="path">ActivateWindow(TVChannels)</property>
			<property name="list">TVChannels</property>
			<visible>StringCompare(System.ProfileName,Master user)</visible>
			<property name="group">livestreams</property>
			<property name="isSubmenu">True</property>
		</item>
		<item id="2">
			<property name="id">$NUMBER[2]</property>
			<property name="mainmenuid">2</property>
			<label>AFK IPTV</label>
			<label2>Algemene snelkoppeling</label2>
			<icon>special://skin/extras/icons/livetv.png</icon>
			<thumb />
			<property name="labelID">plugin.video.afkiptv/</property>
			<property name="defaultID" />
			<onclick>ActivateWindow(10025,"plugin://plugin.video.afkiptv/",return)</onclick>
			<property name="path">ActivateWindow(10025,"plugin://plugin.video.afkiptv/",return)</property>
			<property name="list">plugin://plugin.video.afkiptv/</property>
			<visible>[StringCompare(System.ProfileName,Master user)] + StringCompare(Container(300).ListItem.Property(submenuVisibility),livestreams)</visible>
			<property name="group">livestreams</property>
			<property name="isSubmenu">True</property>
		</item>
		<item id="3">
			<property name="id">$NUMBER[3]</property>
			<property name="mainmenuid">2</property>
			<label>IPTV M3U Lists</label>
			<label2>Algemene snelkoppeling</label2>
			<icon>special://skin/extras/icons/livetv.png</icon>
			<thumb />
			<property name="labelID">plugin.video.playlistLoader/</property>
			<property name="defaultID" />
			<onclick>ActivateWindow(10025,"plugin://plugin.video.playlistLoader/",return)</onclick>
			<property name="path">ActivateWindow(10025,"plugin://plugin.video.playlistLoader/",return)</property>
			<property name="list">plugin://plugin.video.playlistLoader/</property>
			<visible>[StringCompare(System.ProfileName,Master user)] + StringCompare(Container(300).ListItem.Property(submenuVisibility),livestreams)</visible>
			<property name="group">livestreams</property>
			<property name="isSubmenu">True</property>
		</item>
		<item id="1">
			<property name="id">$NUMBER[1]</property>
			<property name="mainmenuid">5</property>
			<label>Favorieten Addons</label>
			<label2>Algemene snelkoppeling</label2>
			<icon>special://skin/extras/icons/addtile.png</icon>
			<thumb />
			<property name="labelID">favorietenaddons</property>
			<property name="defaultID" />
			<onclick>ActivateWindow(Favourites)</onclick>
			<property name="path">ActivateWindow(Favourites)</property>
			<property name="list">Favourites</property>
			<visible>[StringCompare(System.ProfileName,Master user)] + StringCompare(Container(300).ListItem.Property(submenuVisibility),extra)</visible>
			<property name="group">extra</property>
			<property name="isSubmenu">True</property>
		</item>
		<item id="2">
			<property name="id">$NUMBER[2]</property>
			<property name="mainmenuid">5</property>
			<label>Video Addons</label>
			<label2>Video's</label2>
			<icon>special://skin/extras/icons/video-addons.png</icon>
			<thumb />
			<property name="labelID">videoaddons</property>
			<property name="defaultID" />
			<onclick>ActivateWindow(Videos,Addons,return)</onclick>
			<property name="path">ActivateWindow(Videos,Addons,return)</property>
			<property name="list">Addons</property>
			<visible>[StringCompare(System.ProfileName,Master user)] + StringCompare(Container(300).ListItem.Property(submenuVisibility),extra)</visible>
			<property name="group">extra</property>
			<property name="isSubmenu">True</property>
		</item>
		<item id="3">
			<property name="id">$NUMBER[3]</property>
			<property name="mainmenuid">5</property>
			<label>Muziek Addons</label>
			<label2>Music</label2>
			<icon>special://skin/extras/icons/songs.png</icon>
			<thumb />
			<property name="labelID">muziekaddons</property>
			<property name="defaultID" />
			<onclick>ActivateWindow(10025,addons://sources/audio/,return)</onclick>
			<property name="path">ActivateWindow(10025,addons://sources/audio/,return)</property>
			<property name="list">addons://sources/audio/</property>
			<visible>[StringCompare(System.ProfileName,Master user)] + StringCompare(Container(300).ListItem.Property(submenuVisibility),extra)</visible>
			<property name="group">extra</property>
			<property name="isSubmenu">True</property>
		</item>
	</include>
	<include name="skinshortcuts-group-on-demand">
		<description>No items</description>
	</include>
	<include name="skinshortcuts-group-alt-on-demand">
		<description>No items</description>
	</include>
	<include name="skinshortcuts-group-livestreams">
		<item id="1">
			<property name="id">$NUMBER[1]</property>
			<property name="mainmenuid">2</property>
			<label>IPTV PVR</label>
			<label2>Algemene snelkoppeling</label2>
			<icon>special://skin/extras/icons/livetv.png</icon>
			<thumb />
			<property name="labelID">iptvpvr</property>
			<property name="defaultID" />
			<visible>PVR.HasTVChannels</visible>
			<onclick>ActivateWindow(TVChannels)</onclick>
			<property name="path">ActivateWindow(TVChannels)</property>
			<property name="list">TVChannels</property>
			<visible>StringCompare(System.ProfileName,Master user)</visible>
			<property name="group">livestreams</property>
			<property name="isSubmenu">True</property>
		</item>
		<item id="2">
			<property name="id">$NUMBER[2]</property>
			<property name="mainmenuid">2</property>
			<label>AFK IPTV</label>
			<label2>Algemene snelkoppeling</label2>
			<icon>special://skin/extras/icons/livetv.png</icon>
			<thumb />
			<property name="labelID">plugin.video.afkiptv/</property>
			<property name="defaultID" />
			<onclick>ActivateWindow(10025,"plugin://plugin.video.afkiptv/",return)</onclick>
			<property name="path">ActivateWindow(10025,"plugin://plugin.video.afkiptv/",return)</property>
			<property name="list">plugin://plugin.video.afkiptv/</property>
			<visible>StringCompare(System.ProfileName,Master user)</visible>
			<property name="group">livestreams</property>
			<property name="isSubmenu">True</property>
		</item>
		<item id="3">
			<property name="id">$NUMBER[3]</property>
			<property name="mainmenuid">2</property>
			<label>IPTV M3U Lists</label>
			<label2>Algemene snelkoppeling</label2>
			<icon>special://skin/extras/icons/livetv.png</icon>
			<thumb />
			<property name="labelID">plugin.video.playlistLoader/</property>
			<property name="defaultID" />
			<onclick>ActivateWindow(10025,"plugin://plugin.video.playlistLoader/",return)</onclick>
			<property name="path">ActivateWindow(10025,"plugin://plugin.video.playlistLoader/",return)</property>
			<property name="list">plugin://plugin.video.playlistLoader/</property>
			<visible>StringCompare(System.ProfileName,Master user)</visible>
			<property name="group">livestreams</property>
			<property name="isSubmenu">True</property>
		</item>
	</include>
	<include name="skinshortcuts-group-alt-livestreams">
		<item id="1">
			<property name="id">$NUMBER[1]</property>
			<property name="mainmenuid">2</property>
			<label>IPTV PVR</label>
			<label2>Algemene snelkoppeling</label2>
			<icon>special://skin/extras/icons/livetv.png</icon>
			<thumb />
			<property name="labelID">iptvpvr</property>
			<property name="defaultID" />
			<visible>[PVR.HasTVChannels] + StringCompare(Window(10000).Property(submenuVisibility),livestreams)</visible>
			<onclick>ActivateWindow(TVChannels)</onclick>
			<property name="path">ActivateWindow(TVChannels)</property>
			<property name="list">TVChannels</property>
			<visible>StringCompare(System.ProfileName,Master user)</visible>
			<property name="group">livestreams</property>
			<property name="isSubmenu">True</property>
		</item>
		<item id="2">
			<property name="id">$NUMBER[2]</property>
			<property name="mainmenuid">2</property>
			<label>AFK IPTV</label>
			<label2>Algemene snelkoppeling</label2>
			<icon>special://skin/extras/icons/livetv.png</icon>
			<thumb />
			<property name="labelID">plugin.video.afkiptv/</property>
			<property name="defaultID" />
			<onclick>ActivateWindow(10025,"plugin://plugin.video.afkiptv/",return)</onclick>
			<property name="path">ActivateWindow(10025,"plugin://plugin.video.afkiptv/",return)</property>
			<property name="list">plugin://plugin.video.afkiptv/</property>
			<visible>[StringCompare(System.ProfileName,Master user)] + StringCompare(Window(10000).Property(submenuVisibility),livestreams)</visible>
			<property name="group">livestreams</property>
			<property name="isSubmenu">True</property>
		</item>
		<item id="3">
			<property name="id">$NUMBER[3]</property>
			<property name="mainmenuid">2</property>
			<label>IPTV M3U Lists</label>
			<label2>Algemene snelkoppeling</label2>
			<icon>special://skin/extras/icons/livetv.png</icon>
			<thumb />
			<property name="labelID">plugin.video.playlistLoader/</property>
			<property name="defaultID" />
			<onclick>ActivateWindow(10025,"plugin://plugin.video.playlistLoader/",return)</onclick>
			<property name="path">ActivateWindow(10025,"plugin://plugin.video.playlistLoader/",return)</property>
			<property name="list">plugin://plugin.video.playlistLoader/</property>
			<visible>[StringCompare(System.ProfileName,Master user)] + StringCompare(Window(10000).Property(submenuVisibility),livestreams)</visible>
			<property name="group">livestreams</property>
			<property name="isSubmenu">True</property>
		</item>
	</include>
	<include name="skinshortcuts-group-sports">
		<description>No items</description>
	</include>
	<include name="skinshortcuts-group-alt-sports">
		<description>No items</description>
	</include>
	<include name="skinshortcuts-group-muziek">
		<description>No items</description>
	</include>
	<include name="skinshortcuts-group-alt-muziek">
		<description>No items</description>
	</include>
	<include name="skinshortcuts-group-extra">
		<item id="1">
			<property name="id">$NUMBER[1]</property>
			<property name="mainmenuid">5</property>
			<label>Favorieten Addons</label>
			<label2>Algemene snelkoppeling</label2>
			<icon>special://skin/extras/icons/addtile.png</icon>
			<thumb />
			<property name="labelID">favorietenaddons</property>
			<property name="defaultID" />
			<onclick>ActivateWindow(Favourites)</onclick>
			<property name="path">ActivateWindow(Favourites)</property>
			<property name="list">Favourites</property>
			<visible>StringCompare(System.ProfileName,Master user)</visible>
			<property name="group">extra</property>
			<property name="isSubmenu">True</property>
		</item>
		<item id="2">
			<property name="id">$NUMBER[2]</property>
			<property name="mainmenuid">5</property>
			<label>Video Addons</label>
			<label2>Video's</label2>
			<icon>special://skin/extras/icons/video-addons.png</icon>
			<thumb />
			<property name="labelID">videoaddons</property>
			<property name="defaultID" />
			<onclick>ActivateWindow(Videos,Addons,return)</onclick>
			<property name="path">ActivateWindow(Videos,Addons,return)</property>
			<property name="list">Addons</property>
			<visible>StringCompare(System.ProfileName,Master user)</visible>
			<property name="group">extra</property>
			<property name="isSubmenu">True</property>
		</item>
		<item id="3">
			<property name="id">$NUMBER[3]</property>
			<property name="mainmenuid">5</property>
			<label>Muziek Addons</label>
			<label2>Music</label2>
			<icon>special://skin/extras/icons/songs.png</icon>
			<thumb />
			<property name="labelID">muziekaddons</property>
			<property name="defaultID" />
			<onclick>ActivateWindow(10025,addons://sources/audio/,return)</onclick>
			<property name="path">ActivateWindow(10025,addons://sources/audio/,return)</property>
			<property name="list">addons://sources/audio/</property>
			<visible>StringCompare(System.ProfileName,Master user)</visible>
			<property name="group">extra</property>
			<property name="isSubmenu">True</property>
		</item>
	</include>
	<include name="skinshortcuts-group-alt-extra">
		<item id="1">
			<property name="id">$NUMBER[1]</property>
			<property name="mainmenuid">5</property>
			<label>Favorieten Addons</label>
			<label2>Algemene snelkoppeling</label2>
			<icon>special://skin/extras/icons/addtile.png</icon>
			<thumb />
			<property name="labelID">favorietenaddons</property>
			<property name="defaultID" />
			<onclick>ActivateWindow(Favourites)</onclick>
			<property name="path">ActivateWindow(Favourites)</property>
			<property name="list">Favourites</property>
			<visible>[StringCompare(System.ProfileName,Master user)] + StringCompare(Window(10000).Property(submenuVisibility),extra)</visible>
			<property name="group">extra</property>
			<property name="isSubmenu">True</property>
		</item>
		<item id="2">
			<property name="id">$NUMBER[2]</property>
			<property name="mainmenuid">5</property>
			<label>Video Addons</label>
			<label2>Video's</label2>
			<icon>special://skin/extras/icons/video-addons.png</icon>
			<thumb />
			<property name="labelID">videoaddons</property>
			<property name="defaultID" />
			<onclick>ActivateWindow(Videos,Addons,return)</onclick>
			<property name="path">ActivateWindow(Videos,Addons,return)</property>
			<property name="list">Addons</property>
			<visible>[StringCompare(System.ProfileName,Master user)] + StringCompare(Window(10000).Property(submenuVisibility),extra)</visible>
			<property name="group">extra</property>
			<property name="isSubmenu">True</property>
		</item>
		<item id="3">
			<property name="id">$NUMBER[3]</property>
			<property name="mainmenuid">5</property>
			<label>Muziek Addons</label>
			<label2>Music</label2>
			<icon>special://skin/extras/icons/songs.png</icon>
			<thumb />
			<property name="labelID">muziekaddons</property>
			<property name="defaultID" />
			<onclick>ActivateWindow(10025,addons://sources/audio/,return)</onclick>
			<property name="path">ActivateWindow(10025,addons://sources/audio/,return)</property>
			<property name="list">addons://sources/audio/</property>
			<visible>[StringCompare(System.ProfileName,Master user)] + StringCompare(Window(10000).Property(submenuVisibility),extra)</visible>
			<property name="group">extra</property>
			<property name="isSubmenu">True</property>
		</item>
	</include>
	<include name="skinshortcuts-group-menu">
		<description>No items</description>
	</include>
	<include name="skinshortcuts-group-alt-menu">
		<description>No items</description>
	</include>
	<include name="skinshortcuts-group-x1111">
		<description>No items</description>
	</include>
	<include name="skinshortcuts-group-alt-x1111">
		<description>No items</description>
	</include>
	<include name="skinshortcuts-group-x1112">
		<description>No items</description>
	</include>
	<include name="skinshortcuts-group-alt-x1112">
		<description>No items</description>
	</include>
	<include name="skinshortcuts-group-x1113">
		<description>No items</description>
	</include>
	<include name="skinshortcuts-group-alt-x1113">
		<description>No items</description>
	</include>
	<include name="skinshortcuts-group-x1114">
		<description>No items</description>
	</include>
	<include name="skinshortcuts-group-alt-x1114">
		<description>No items</description>
	</include>
	<include name="skinshortcuts-group-x1115">
		<description>No items</description>
	</include>
	<include name="skinshortcuts-group-alt-x1115">
		<description>No items</description>
	</include>
	<include name="skinshortcuts-group-x1116">
		<description>No items</description>
	</include>
	<include name="skinshortcuts-group-alt-x1116">
		<description>No items</description>
	</include>
	<include name="skinshortcuts-group-x1117">
		<description>No items</description>
	</include>
	<include name="skinshortcuts-group-alt-x1117">
		<description>No items</description>
	</include>
	<include name="skinshortcuts-group-x1118">
		<description>No items</description>
	</include>
	<include name="skinshortcuts-group-alt-x1118">
		<description>No items</description>
	</include>
	<include name="skinshortcuts-group-x1119">
		<description>No items</description>
	</include>
	<include name="skinshortcuts-group-alt-x1119">
		<description>No items</description>
	</include>
</includes>
