<favourites>
    <favourite name="Jericho Sports" thumb="/storage/.kodi/addons/plugin.video.jericho/icon.png">ActivateWindow(10025,&quot;plugin://plugin.video.jericho/?fanart=%2fstorage%2f.kodi%2faddons%2fplugin.video.jericho%2ffanart.jpg&amp;mode=70&amp;name=Sports&amp;url&quot;)</favourite>
    <favourite name="SportsDevil" thumb="/storage/.kodi/addons/plugin.video.SportsDevil/icon.png">ActivateWindow(10025,&quot;plugin://plugin.video.SportsDevil/&quot;)</favourite>
    <favourite name="NJM-Soccer" thumb="/storage/.kodi/addons/plugin.video.NJMSoccer/icon.png">ActivateWindow(10025,&quot;plugin://plugin.video.NJMSoccer/&quot;)</favourite>
    <favourite name="ZemTV.com" thumb="/storage/.kodi/addons/plugin.video.ZemTV-shani/icon.png">ActivateWindow(10025,&quot;plugin://plugin.video.ZemTV-shani/?mode=13&amp;name=Sports&amp;url=Live&quot;)</favourite>
</favourites>