<?xml version="1.0" encoding="UTF-8"?>
<addon
  id="plugin.video.SportsDevil"
  version="12018.01.19"
  name="SportsDevil"
  provider-name="SportsDevil">
  <requires>
   <import addon="xbmc.python" version="2.14.0"/>
   <import addon="script.module.dateutil" />
   <import addon="script.module.simplejson" />
   <import addon="script.module.six" />
   <import addon="script.module.requests" />
   <import addon="script.module.streamlink.base" />
   <import addon="script.video.F4mProxy" />
   <import addon="plugin.video.f4mTester" />
   <!-- <import addon="script.module.livestreamer" />  *Changed-2-StreamLink* -->
   <!-- *broken* <import addon="repository.unofficialsportsdevil" version="1.0.0" optional="true"/> *broken* -->
  </requires>
  <extension
    point="xbmc.python.pluginsource"
    library="default.py">
   <provides>video</provides>
  </extension>
  <!-- <extension point="xbmc.service" library="service/proxy_service.py" start="startup"/> *Changed-2-StreamLink* -->
  <extension point="xbmc.service" library="service/streamlink_proxy.py" start="startup" />
  <extension point="xbmc.addon.metadata">
    <summary>Play videos of different ad-financed sports streaming sites.</summary>
    <description>Play videos of different ad-financed sports streaming sites.</description>
    <disclaimer>SportsDevil does not provide any streams of its own; stream quality, content and copyright are responsibility of the ad-financed source web site. For updates - check the readme.</disclaimer>
    <license>GNU GENERAL PUBLIC LICENSE. Version 2, June 1991</license>
    <platform>all</platform>
  <assets>
    <icon>icon.png</icon>
    <fanart>fanart.jpg</fanart>
  </assets>
  </extension>
</addon>
