<favourites>
	<favourite name="4K Films" thumb="http://viewsonicglobal.com/public/upimgs/4K%20Ultra%20HD_logo_Full%20Color(1).png">ActivateWindow(10025,&quot;plugin://plugin.video.phstreams/?action=directory&amp;content=0&amp;url=http%3a%2f%2falphareborn.offshorepastebin.com%2farb%2frealdebrid%2frealdebrid4k.xml&quot;)</favourite>
    <favourite name="Meer 4K Films" thumb="http://viewsonicglobal.com/public/upimgs/4K%20Ultra%20HD_logo_Full%20Color(1).png">ActivateWindow(10025,&quot;plugin://plugin.video.phstreams/?action=directory&amp;content=0&amp;url=http%3a%2f%2fmorepower.offshorepastebin.com%2f4K.xml&quot;)</favourite>
    <favourite name="4K Series" thumb="http://viewsonicglobal.com/public/upimgs/4K%20Ultra%20HD_logo_Full%20Color(1).png">ActivateWindow(10025,&quot;plugin://plugin.video.phstreams/?action=directory&amp;content=0&amp;url=http%3a%2f%2falphareborn.offshorepastebin.com%2farb%2frealdebrid%2fTvshows4k.xml&quot;)</favourite>
    <favourite name="">noop</favourite>
    <favourite name="DTS Films 2017" thumb="http://alphareborn.offshorepastebin.com/arb/images/dts.png">ActivateWindow(10025,&quot;plugin://plugin.video.phstreams/?action=directory&amp;content=0&amp;url=http%3a%2f%2falphareborn.offshorepastebin.com%2farb%2frealdebrid%2f2017dts.xml&quot;)</favourite>
    <favourite name="Meer DTS Films" thumb="http://alphareborn.offshorepastebin.com/arb/images/dts.png">ActivateWindow(10025,&quot;plugin://plugin.video.phstreams/?action=directory&amp;content=0&amp;url=http%3a%2f%2falphareborn.offshorepastebin.com%2farb%2frealdebrid%2fourpicksdts.xml&quot;)</favourite>
    <favourite name="DTS Films 2016" thumb="http://alphareborn.offshorepastebin.com/arb/images/dts.png">ActivateWindow(10025,&quot;plugin://plugin.video.phstreams/?action=directory&amp;content=0&amp;url=http%3a%2f%2falphareborn.offshorepastebin.com%2farb%2frealdebrid%2f2016dts.xml&quot;)</favourite>
    <favourite name="Real Debrid Koppelen" thumb="https://pbs.twimg.com/profile_images/667374802194137088/CrbDkDBt_400x400.png">RunPlugin(plugin://script.module.urlresolver/?mode=auth_rd)</favourite>
</favourites>