<?xml version="1.0" encoding="UTF-8" standalone="yes"?>
<addon id="plugin.video.ufc-finest" name="[COLOR red][B]UFC[/B][/COLOR] [COLOR white][B]Finest[/B][/COLOR]" version="2.0" provider-name="@DetectiveKode">
  <requires>
    <import addon="xbmc.python" version="2.1.0"/>
    <import addon="repository.xbmchub" />
    <import addon="script.module.simplejson" version="3.3.0"/>
    <import addon="script.module.urlresolver"  version="2.1.2"/>
    <import addon="script.module.liveresolver" version="0.1.24"/>
    <import addon="script.common.plugin.cache" version="2.5.2"/>

    <import addon="script.module.metahandler" version="2.5.1"/>
    <import addon="plugin.video.youtube" optional="true" />
  </requires>
  <extension point="xbmc.python.pluginsource" library="default.py">
        <provides>video</provides>
  </extension>
  <extension point="xbmc.addon.metadata">
    <summary lang="en">UFC Finest</summary>
    <description lang="en">The Offical Home Of UFC Finest</description>
    <platform>all</platform>
  </extension>
</addon>
