<?xml version="1.0" encoding="utf-8" standalone="yes"?>
<channel>
	<id>ziggosport</id>
	<name>ZIGGOSPORT</name>

	<active>true</active>
	<adult>false</adult>
	<language>nl</language>

	<fanart>https://www.ziggosport.nl/files/thumb/1536x872/thumb/1536x872/Over_Sport1/zs-social-1e7ce9bfb2e4ef4ca46c489ec7e6d595-c51d0bcb05c0dc511e3c713ffb050499.png</fanart>
	<thumbnail>https://yt3.ggpht.com/-u4FRgUny9UU/AAAAAAAAAAI/AAAAAAAAAAA/Pi2IJs99mpA/s100-c-k-no-mo-rj-c0xffffff/photo.jpg</thumbnail>
	<bannermenu></bannermenu>

	<update_url></update_url>
	<version>1</version>
	<date>8/8/2017</date>
	<changes>Version</changes>

	<categories>
		<category>sport</category>	
	</categories>

</channel>
