{
  "channels": [
    {
      "guid": "9EC8F612-2EA4-11DE-867C-B84656D89593",
      "name": "TV3 Play (Sverige)",
      "description": "Sändningar från TV3Play.se",
      "icon": "tv3selarge.png",
      "category": "National",
      "channelcode": "se3",
      "sortorder": 3,
      "language": "se",
      "fanart": "tv3sefanart.png",
      "localIPSupported": true
    },
    {
      "guid": "45527F0C-91FE-11E1-942B-5AB5BBE59B18",
      "name": "TV3 Play (Eesti)",
      "description": "TV3Play.ee episoodid",
      "icon": "tv3eelarge.png",
      "category": "National",
      "channelcode": "tv3ee",
      "sortorder": 3,
      "language": "ee",
      "fanart": "tv3eefanart.png",
      "localIPSupported": true
    },
    {
      "guid": "82D73241-284B-4326-9E32-AFEF3C439951",
      "name": "TV6 Play (Eesti)",
      "description": "TV6Play.ee episoodid",
      "icon": "tv6eelarge.png",
      "category": "National",
      "channelcode": "tv6ee",
      "sortorder": 6,
      "language": "ee",
      "fanart": "tv6eefanart.png",
      "localIPSupported": true
    },
    {
      "guid": "FB34E1F0-2930-11DE-A339-255856D89593",
      "name": "TV6 Play (Sverige)",
      "description": "Sändningar från TV6Play.se",
      "icon": "tv6large.png",
      "category": "National",
      "channelcode": "se6",
      "sortorder": 6,
      "language": "se",
      "fanart": "tv6viasatfanart.png",
      "localIPSupported": true
    },
    {
      "guid": "BDC1A5C5-2777-4D05-BB5B-742A88B89CC5",
      "name": "TV8 Play (Sverige)",
      "description": "Sändningar från TV8Play.se",
      "icon": "tv8selarge.png",
      "category": "National",
      "channelcode": "se8",
      "sortorder": 8,
      "language": "se",
      "fanart": "tv8sefanart.jpg",
      "localIPSupported": true
    },
    {
      "guid": "584E7420-2867-11E3-AA01-F2806188709B",
      "name": "TV10 Play",
      "description": "Sändningar från TV10Play.se",
      "icon": "tv10selarge.png",
      "category": "National",
      "channelcode": "se10",
      "sortorder": 10,
      "language": "se",
      "fanart": "tv10sefanart.png",
      "localIPSupported": true
    },
    {
      "guid": "7FEDC7EA-2281-11E0-8F30-67B5DFD72085",
      "name": "TV3 Play (Lietuva)",
      "description": "TV3Play.lt web.tv",
      "icon": "tv3ltlarge.png",
      "category": "National",
      "channelcode": "tv3lt",
      "sortorder": 3,
      "language": "lt",
      "fanart": "tv3ltfanart.jpg",
      "localIPSupported": true
    },
    {
      "guid": "49A02D20-2283-11E0-8771-2AB7DFD72085",
      "name": "TV6 Play (Lietuva)",
      "description": "TV6Play.lt web.tv",
      "icon": "tv6large.png",
      "category": "National",
      "channelcode": "tv6lt",
      "sortorder": 6,
      "language": "lt",
      "compatible": "Environments.All",
      "fanart": "tv6viasatfanart.png",
      "localIPSupported": true
    },
    {
      "guid": "1F41C7FB-D3EC-4C4A-84BD-E063A8F6FFAD",
      "name": "TV8 Play (Lietuva)",
      "description": "TV8Play.lt web.tv",
      "icon": "tv8ltlarge.png",
      "category": "National",
      "channelcode": "tv8lt",
      "sortorder": 8,
      "language": "lt",
      "fanart": "tv8ltfanart.jpg",
      "localIPSupported": true
    },
    {
      "guid": "8D9FBD00-2284-11E0-8957-55B8DFD72085",
      "name": "TV3 Play (Latvija)",
      "description": "Sändningar från TV3Play.lv",
      "icon": "tv3lvlarge.png",
      "category": "National",
      "channelcode": "se3lv",
      "sortorder": 3,
      "language": "lv",
      "fanart": "tv3lvfanart.jpg",
      "localIPSupported": true
    },
    {
      "guid": "89673FF0-5EF3-11E0-8CC9-494DDFD72085",
      "name": "TV3 Play (Norge)",
      "description": "Sendninger fra TV3Play.no",
      "icon": "tv3nolarge.png",
      "category": "National",
      "channelcode": "no3",
      "sortorder": 3,
      "language": "no",
      "fanart": "tv3fanart.jpg",
      "localIPSupported": true
    },
    {
      "guid": "90DD5C88-5EF3-11E0-93A2-4D4DDFD72085",
      "name": "Viasat4 (Norge)",
      "description": "Sendninger fra Viasat4.no",
      "icon": "viasat4nolarge.png",
      "category": "National",
      "channelcode": "no4",
      "sortorder": 4,
      "language": "no",
      "fanart": "viasat4fanart.jpg",
      "localIPSupported": true
    },
    {
      "guid": "3CD2662C-3C7A-4217-8375-079B2D850F27",
      "name": "TV6 Play (Norge)",
      "description": "Sendninger fra tv6play.no",
      "icon": "tv6large.png",
      "category": "National",
      "channelcode": "no6",
      "sortorder": 6,
      "language": "no",
      "fanart": "tv6viasatfanart.png",
      "localIPSupported": true
    }
  ],
  "settings": [
  ]
}