<favourites>
	<favourite name="Muziek Streams" thumb="special://skin/logos/streams.png">ActivateWindow(10025,&quot;plugin://plugin.audio.mp3streams/&quot;)</favourite>
	<favourite name="Electro" thumb="special://skin/logos/electro.png">ActivateWindow(10025,&quot;plugin://plugin.audio.jambmc/&quot;)</favourite>
	<favourite name="Podcast" thumb="special://skin/logos/podcast.png">ActivateWindow(10025,&quot;plugin://plugin.video.itunes_podcasts/?content_type=audio&quot;)</favourite>
	<favourite name="Radio" thumb="special://skin/logos/muziek.png">ActivateWindow(10025,&quot;plugin://plugin.audio.radio_de/&quot;)</favourite>
	<favourite name="Vevo TV Clips" thumb="special://skin/logos/vevo.png">ActivateWindow(10025,&quot;plugin://plugin.video.myvevo/&quot;)</favourite>
	<favourite name="XITE TV Clips" thumb="special://skin/logos/xite.png">ActivateWindow(10025,&quot;plugin://plugin.video.jericho/?fanart=%2fstorage%2f.kodi%2faddons%2fplugin.video.jericho%2ffanart.jpg&amp;mode=221&amp;name=XITE&amp;url=http%3a%2f%2fxite.nl%2fvideos%2f1&quot;)</favourite>
    <favourite name="Spotify" thumb="special://skin/logos/spotify.png">RunScript(&quot;script.audio.spotimc&amp;sf_options=desc%3DEnkel+met+Premium+Account%26_options_sf&quot;)</favourite>
	<favourite name="SoundCloud" thumb="special://skin/logos/soundcloud.png">ActivateWindow(10025,&quot;plugin://plugin.audio.soundcloud/&quot;)</favourite>
</favourites>