<?xml version="1.0" encoding="UTF-8"?>
<window id="9999">
    <coordinates>
        <posx>0</posx>
        <posy>0</posy>
    </coordinates>
    <include>OpenClose</include>
    <controls>
        <control type="group">
            <posx>832</posx>
            <posy>412</posy>
            <control type="multiimage" description="Busy animation">
                <width>256</width>
                <height>256</height>
                <imagepath>busy/multi</imagepath>
                <timeperimage>200</timeperimage>
                <fadetime>0</fadetime>
                <loop>yes</loop>
                <aspectratio>keep</aspectratio>
            </control>
        </control>
        <control type="progress" id="10">
            <posx>735</posx>
            <posy>650</posy>
            <width>450</width>
            <height>8</height>
            <texturebg>progress/progressbg.png</texturebg>
            <midtexture>progress/progressm.png</midtexture>
            <righttexture>progress/progressr.png</righttexture>
            <lefttexture>progress/progressl.png</lefttexture>
        </control>
    </controls>
</window>