<?xml version='1.0' encoding='UTF-8'?>
<includes>
	<include name="skinshortcuts-mainmenu">
		<item id="1">
			<property name="id">$NUM[1]</property>
			<label>On-Demand</label>
			<label2>Programma</label2>
			<icon>special://skin/extras/icons/addtile.png</icon>
			<thumb>special://skin/extras/icons/director.png</thumb>
			<property name="labelID">on-demand</property>
			<property name="defaultID" />
			<onclick>ActivateWindow(10025,"plugin://plugin.program.super.favourites/?label=On-Demand&amp;mode=400&amp;path=special%3A%2F%2Fprofile%2Faddon_data%2Fplugin.program.super.favourites%2FSuper+Favourites%2FOn-Demand",return)</onclick>
			<property name="path">ActivateWindow(10025,"plugin://plugin.program.super.favourites/?label=On-Demand&amp;mode=400&amp;path=special%3A%2F%2Fprofile%2Faddon_data%2Fplugin.program.super.favourites%2FSuper+Favourites%2FOn-Demand",return)</property>
			<property name="list">plugin://plugin.program.super.favourites/?label=On-Demand&amp;mode=400&amp;path=special%3A%2F%2Fprofile%2Faddon_data%2Fplugin.program.super.favourites%2FSuper+Favourites%2FOn-Demand</property>
			<visible>StringCompare(System.ProfileName,Master user)</visible>
			<property name="submenuVisibility">on-demand</property>
			<property name="group">mainmenu</property>
			<property name="hasSubmenu">False</property>
		</item>
		<item id="2">
			<property name="id">$NUM[2]</property>
			<label>Live Streams</label>
			<label2>Programma</label2>
			<icon>special://skin/extras/icons/addtile.png</icon>
			<thumb>special://skin/extras/icons/tv.png</thumb>
			<property name="labelID">livestreams</property>
			<property name="defaultID" />
			<onclick>ActivateWindow(10025,"plugin://plugin.program.super.favourites/?label=Kanalen&amp;mode=400&amp;path=special%3A%2F%2Fprofile%2Faddon_data%2Fplugin.program.super.favourites%2FSuper+Favourites%2FKanalen",return)</onclick>
			<property name="path">ActivateWindow(10025,"plugin://plugin.program.super.favourites/?label=Kanalen&amp;mode=400&amp;path=special%3A%2F%2Fprofile%2Faddon_data%2Fplugin.program.super.favourites%2FSuper+Favourites%2FKanalen",return)</property>
			<property name="list">plugin://plugin.program.super.favourites/?label=Kanalen&amp;mode=400&amp;path=special%3A%2F%2Fprofile%2Faddon_data%2Fplugin.program.super.favourites%2FSuper+Favourites%2FKanalen</property>
			<visible>StringCompare(System.ProfileName,Master user)</visible>
			<property name="submenuVisibility">livestreams</property>
			<property name="group">mainmenu</property>
			<property name="hasSubmenu">True</property>
		</item>
		<item id="3">
			<property name="id">$NUM[3]</property>
			<label>Sports</label>
			<label2>Programma</label2>
			<icon>special://skin/extras/icons/addtile.png</icon>
			<thumb>special://skin/extras/icons/run.png</thumb>
			<property name="labelID">sports</property>
			<property name="defaultID" />
			<onclick>ActivateWindow(10025,"plugin://plugin.program.super.favourites/?label=Sports&amp;mode=400&amp;path=special%3A%2F%2Fprofile%2Faddon_data%2Fplugin.program.super.favourites%2FSuper+Favourites%2FSports",return)</onclick>
			<property name="path">ActivateWindow(10025,"plugin://plugin.program.super.favourites/?label=Sports&amp;mode=400&amp;path=special%3A%2F%2Fprofile%2Faddon_data%2Fplugin.program.super.favourites%2FSuper+Favourites%2FSports",return)</property>
			<property name="list">plugin://plugin.program.super.favourites/?label=Sports&amp;mode=400&amp;path=special%3A%2F%2Fprofile%2Faddon_data%2Fplugin.program.super.favourites%2FSuper+Favourites%2FSports</property>
			<visible>StringCompare(System.ProfileName,Master user)</visible>
			<property name="submenuVisibility">sports</property>
			<property name="group">mainmenu</property>
			<property name="hasSubmenu">False</property>
		</item>
		<item id="4">
			<property name="id">$NUM[4]</property>
			<label>Muziek</label>
			<label2>Programma</label2>
			<icon>special://skin/extras/icons/addtile.png</icon>
			<thumb>special://skin/extras/icons/songs.png</thumb>
			<property name="labelID">muziek</property>
			<property name="defaultID" />
			<onclick>ActivateWindow(10025,"plugin://plugin.program.super.favourites/?label=Muziek&amp;mode=400&amp;path=special%3A%2F%2Fprofile%2Faddon_data%2Fplugin.program.super.favourites%2FSuper+Favourites%2FMuziek",return)</onclick>
			<property name="path">ActivateWindow(10025,"plugin://plugin.program.super.favourites/?label=Muziek&amp;mode=400&amp;path=special%3A%2F%2Fprofile%2Faddon_data%2Fplugin.program.super.favourites%2FSuper+Favourites%2FMuziek",return)</property>
			<property name="list">plugin://plugin.program.super.favourites/?label=Muziek&amp;mode=400&amp;path=special%3A%2F%2Fprofile%2Faddon_data%2Fplugin.program.super.favourites%2FSuper+Favourites%2FMuziek</property>
			<visible>StringCompare(System.ProfileName,Master user)</visible>
			<property name="submenuVisibility">muziek</property>
			<property name="group">mainmenu</property>
			<property name="hasSubmenu">False</property>
		</item>
		<item id="5">
			<property name="id">$NUM[5]</property>
			<label>Extra</label>
			<label2>Programma</label2>
			<icon>special://skin/extras/icons/addtile.png</icon>
			<thumb>special://skin/extras/icons/title.png</thumb>
			<property name="labelID">extra</property>
			<property name="defaultID" />
			<onclick>ActivateWindow(10025,"plugin://plugin.program.super.favourites/?label=Extra&amp;mode=400&amp;path=special%3A%2F%2Fprofile%2Faddon_data%2Fplugin.program.super.favourites%2FSuper+Favourites%2FExtra",return)</onclick>
			<property name="path">ActivateWindow(10025,"plugin://plugin.program.super.favourites/?label=Extra&amp;mode=400&amp;path=special%3A%2F%2Fprofile%2Faddon_data%2Fplugin.program.super.favourites%2FSuper+Favourites%2FExtra",return)</property>
			<property name="list">plugin://plugin.program.super.favourites/?label=Extra&amp;mode=400&amp;path=special%3A%2F%2Fprofile%2Faddon_data%2Fplugin.program.super.favourites%2FSuper+Favourites%2FExtra</property>
			<visible>StringCompare(System.ProfileName,Master user)</visible>
			<property name="submenuVisibility">extra</property>
			<property name="group">mainmenu</property>
			<property name="hasSubmenu">True</property>
		</item>
		<item id="6">
			<property name="id">$NUM[6]</property>
			<label>Instellingen</label>
			<label2>Aangepaste snelkoppeling</label2>
			<icon>special://skin/extras/icons/addtile.png</icon>
			<thumb>special://skin/extras/icons/addons.png</thumb>
			<property name="labelID">instellingen</property>
			<property name="defaultID">instellingen</property>
			<onclick>ActivateWindow(shutdownmenu)</onclick>
			<property name="path">ActivateWindow(shutdownmenu)</property>
			<property name="list">shutdownmenu</property>
			<visible>StringCompare(System.ProfileName,Master user)</visible>
			<property name="submenuVisibility">instellingen</property>
			<property name="group">mainmenu</property>
			<property name="hasSubmenu">False</property>
			<property name="hasSubmenu">False</property>
			<property name="hasSubmenu">False</property>
		</item>
	</include>
	<include />
	<include name="skinshortcuts-submenu">
		<item id="1">
			<property name="id">$NUM[1]</property>
			<label>IPTV</label>
			<label2>Algemene snelkoppeling</label2>
			<icon>special://skin/extras/icons/livetv.png</icon>
			<thumb />
			<property name="labelID">iptv</property>
			<property name="defaultID" />
			<visible>[PVR.HasTVChannels] + StringCompare(Container(300).ListItem.Property(submenuVisibility),livestreams)</visible>
			<onclick>ActivateWindow(TVChannels)</onclick>
			<property name="path">ActivateWindow(TVChannels)</property>
			<property name="list">TVChannels</property>
			<visible>StringCompare(System.ProfileName,Master user)</visible>
			<property name="group">livestreams</property>
			<property name="isSubmenu">True</property>
		</item>
		<item id="1">
			<property name="id">$NUM[1]</property>
			<label>Favorieten Addons</label>
			<label2>Algemene snelkoppeling</label2>
			<icon>special://skin/extras/icons/addtile.png</icon>
			<thumb />
			<property name="labelID">favorietenaddons</property>
			<property name="defaultID" />
			<onclick>ActivateWindow(Favourites)</onclick>
			<property name="path">ActivateWindow(Favourites)</property>
			<property name="list">Favourites</property>
			<visible>[StringCompare(System.ProfileName,Master user)] + StringCompare(Container(300).ListItem.Property(submenuVisibility),extra)</visible>
			<property name="group">extra</property>
			<property name="isSubmenu">True</property>
		</item>
		<item id="2">
			<property name="id">$NUM[2]</property>
			<label>Video Addons</label>
			<label2>Video's</label2>
			<icon>special://skin/extras/icons/video-addons.png</icon>
			<thumb />
			<property name="labelID">videoaddons</property>
			<property name="defaultID" />
			<onclick>ActivateWindow(Videos,Addons,return)</onclick>
			<property name="path">ActivateWindow(Videos,Addons,return)</property>
			<property name="list">Addons</property>
			<visible>[StringCompare(System.ProfileName,Master user)] + StringCompare(Container(300).ListItem.Property(submenuVisibility),extra)</visible>
			<property name="group">extra</property>
			<property name="isSubmenu">True</property>
		</item>
		<item id="3">
			<property name="id">$NUM[3]</property>
			<label>Muziek Addons</label>
			<label2>Music</label2>
			<icon>special://skin/extras/icons/songs.png</icon>
			<thumb />
			<property name="labelID">muziekaddons</property>
			<property name="defaultID" />
			<onclick>ActivateWindow(10025,addons://sources/audio/,return)</onclick>
			<property name="path">ActivateWindow(10025,addons://sources/audio/,return)</property>
			<property name="list">addons://sources/audio/</property>
			<visible>[StringCompare(System.ProfileName,Master user)] + StringCompare(Container(300).ListItem.Property(submenuVisibility),extra)</visible>
			<property name="group">extra</property>
			<property name="isSubmenu">True</property>
		</item>
	</include>
	<include name="skinshortcuts-group-on-demand" />
	<include name="skinshortcuts-group-alt-on-demand" />
	<include name="skinshortcuts-group-livestreams">
		<item id="1">
			<property name="id">$NUM[1]</property>
			<label>IPTV</label>
			<label2>Algemene snelkoppeling</label2>
			<icon>special://skin/extras/icons/livetv.png</icon>
			<thumb />
			<property name="labelID">iptv</property>
			<property name="defaultID" />
			<visible>PVR.HasTVChannels</visible>
			<onclick>ActivateWindow(TVChannels)</onclick>
			<property name="path">ActivateWindow(TVChannels)</property>
			<property name="list">TVChannels</property>
			<visible>StringCompare(System.ProfileName,Master user)</visible>
			<property name="group">livestreams</property>
			<property name="isSubmenu">True</property>
		</item>
	</include>
	<include name="skinshortcuts-group-alt-livestreams">
		<item id="1">
			<property name="id">$NUM[1]</property>
			<label>IPTV</label>
			<label2>Algemene snelkoppeling</label2>
			<icon>special://skin/extras/icons/livetv.png</icon>
			<thumb />
			<property name="labelID">iptv</property>
			<property name="defaultID" />
			<visible>[PVR.HasTVChannels] + StringCompare(Window(10000).Property(submenuVisibility),livestreams)</visible>
			<onclick>ActivateWindow(TVChannels)</onclick>
			<property name="path">ActivateWindow(TVChannels)</property>
			<property name="list">TVChannels</property>
			<visible>StringCompare(System.ProfileName,Master user)</visible>
			<property name="group">livestreams</property>
			<property name="isSubmenu">True</property>
		</item>
	</include>
	<include name="skinshortcuts-group-sports" />
	<include name="skinshortcuts-group-alt-sports" />
	<include name="skinshortcuts-group-muziek" />
	<include name="skinshortcuts-group-alt-muziek" />
	<include name="skinshortcuts-group-extra">
		<item id="1">
			<property name="id">$NUM[1]</property>
			<label>Favorieten Addons</label>
			<label2>Algemene snelkoppeling</label2>
			<icon>special://skin/extras/icons/addtile.png</icon>
			<thumb />
			<property name="labelID">favorietenaddons</property>
			<property name="defaultID" />
			<onclick>ActivateWindow(Favourites)</onclick>
			<property name="path">ActivateWindow(Favourites)</property>
			<property name="list">Favourites</property>
			<visible>StringCompare(System.ProfileName,Master user)</visible>
			<property name="group">extra</property>
			<property name="isSubmenu">True</property>
		</item>
		<item id="2">
			<property name="id">$NUM[2]</property>
			<label>Video Addons</label>
			<label2>Video's</label2>
			<icon>special://skin/extras/icons/video-addons.png</icon>
			<thumb />
			<property name="labelID">videoaddons</property>
			<property name="defaultID" />
			<onclick>ActivateWindow(Videos,Addons,return)</onclick>
			<property name="path">ActivateWindow(Videos,Addons,return)</property>
			<property name="list">Addons</property>
			<visible>StringCompare(System.ProfileName,Master user)</visible>
			<property name="group">extra</property>
			<property name="isSubmenu">True</property>
		</item>
		<item id="3">
			<property name="id">$NUM[3]</property>
			<label>Muziek Addons</label>
			<label2>Music</label2>
			<icon>special://skin/extras/icons/songs.png</icon>
			<thumb />
			<property name="labelID">muziekaddons</property>
			<property name="defaultID" />
			<onclick>ActivateWindow(10025,addons://sources/audio/,return)</onclick>
			<property name="path">ActivateWindow(10025,addons://sources/audio/,return)</property>
			<property name="list">addons://sources/audio/</property>
			<visible>StringCompare(System.ProfileName,Master user)</visible>
			<property name="group">extra</property>
			<property name="isSubmenu">True</property>
		</item>
	</include>
	<include name="skinshortcuts-group-alt-extra">
		<item id="1">
			<property name="id">$NUM[1]</property>
			<label>Favorieten Addons</label>
			<label2>Algemene snelkoppeling</label2>
			<icon>special://skin/extras/icons/addtile.png</icon>
			<thumb />
			<property name="labelID">favorietenaddons</property>
			<property name="defaultID" />
			<onclick>ActivateWindow(Favourites)</onclick>
			<property name="path">ActivateWindow(Favourites)</property>
			<property name="list">Favourites</property>
			<visible>[StringCompare(System.ProfileName,Master user)] + StringCompare(Window(10000).Property(submenuVisibility),extra)</visible>
			<property name="group">extra</property>
			<property name="isSubmenu">True</property>
		</item>
		<item id="2">
			<property name="id">$NUM[2]</property>
			<label>Video Addons</label>
			<label2>Video's</label2>
			<icon>special://skin/extras/icons/video-addons.png</icon>
			<thumb />
			<property name="labelID">videoaddons</property>
			<property name="defaultID" />
			<onclick>ActivateWindow(Videos,Addons,return)</onclick>
			<property name="path">ActivateWindow(Videos,Addons,return)</property>
			<property name="list">Addons</property>
			<visible>[StringCompare(System.ProfileName,Master user)] + StringCompare(Window(10000).Property(submenuVisibility),extra)</visible>
			<property name="group">extra</property>
			<property name="isSubmenu">True</property>
		</item>
		<item id="3">
			<property name="id">$NUM[3]</property>
			<label>Muziek Addons</label>
			<label2>Music</label2>
			<icon>special://skin/extras/icons/songs.png</icon>
			<thumb />
			<property name="labelID">muziekaddons</property>
			<property name="defaultID" />
			<onclick>ActivateWindow(10025,addons://sources/audio/,return)</onclick>
			<property name="path">ActivateWindow(10025,addons://sources/audio/,return)</property>
			<property name="list">addons://sources/audio/</property>
			<visible>[StringCompare(System.ProfileName,Master user)] + StringCompare(Window(10000).Property(submenuVisibility),extra)</visible>
			<property name="group">extra</property>
			<property name="isSubmenu">True</property>
		</item>
	</include>
	<include name="skinshortcuts-group-instellingen" />
	<include name="skinshortcuts-group-alt-instellingen" />
	<include name="skinshortcuts-group-movieshub" />
	<include name="skinshortcuts-group-alt-movieshub" />
	<include name="skinshortcuts-group-episodeshub" />
	<include name="skinshortcuts-group-alt-episodeshub" />
</includes>
