<?xml version="1.0" encoding="UTF-8"?>
<!-- Foundation -->
<includes>
    <include name="View_55_Info_Left">
        <control type="group">
        <posx>235</posx>
            <animation effect="fade" start="0" end="100" delay="1500" time="200" reversible="false">Focus</animation>
            <control type="label">
                <posy>17</posy>
                <width>630</width>
                <height>50</height>
                <font>SmallBold</font>
                <label>$INFO[ListItem.Label]</label>
                <scroll>false</scroll>
                <textcolor>Black70</textcolor>
            </control>
            <control type="label">
                <posy>57</posy>
                <width>630</width>
                <font>Tiny</font>
                <label>$VAR[LabelGenre]</label>
                <scroll>false</scroll>
                <textcolor>Black70</textcolor>
            </control>
            <control type="textbox">
                <posy>117</posy>
                <width>630</width>
                <height>180</height>
                <align>left</align>
                <font>Tiny</font>
                <label>$VAR[LabelPlotBox]</label>
                <textcolor>Black70</textcolor>
            </control>
        </control>
    </include>


    <include name="View_55_Info_Right">
        <control type="group">
        <posx>45</posx>
            <animation effect="fade" start="0" end="100" delay="1500" time="200" reversible="false">Focus</animation>
            <control type="label">
                <posy>17</posy>
                <width>630</width>
                <height>50</height>
                <align>right</align>
                <font>SmallBold</font>
                <label>$INFO[ListItem.Label]</label>
                <textcolor>Black70</textcolor>
            </control>
            <control type="label">
                <posy>57</posy>
                <width>630</width>
                <font>Tiny</font>
                <label>$VAR[LabelGenre]</label>
                <align>right</align>
                <scroll>false</scroll>
                <textcolor>Black70</textcolor>
             </control>
             <control type="textbox">
                <posy>117</posy>
                <width>630</width>
                <height>180</height>
                <align>right</align>
                <font>Tiny</font>
                <label>$VAR[LabelPlotBox]</label>
                <textcolor>Black70</textcolor>
             </control>
        </control>
     </include>

    <include name="View_55_Wall">
        <control type="group">
            <include>Animation.Common</include>
            <visible>Control.IsVisible(55)</visible>
            <control type="panel" id="55">
                <visible>substring(Container.FolderPath,plugin://plugin.program.advanced.launcher/,left) | Container.Content(musicvideos) | Container.Content(movies) | Container.Content(tvshows) | Container.Content(seasons) | Container.Content(sets)</visible>
                <top>206</top>
                <right>70</right>
                <left>70</left>
                <height>674</height>
                <onleft condition="!Skin.HasSetting(global.kioskmode)">9000</onleft>
                <onright>60</onright>
                <onup>55</onup>
                <ondown>55</ondown>
                <preloaditems>2</preloaditems>
                <pagecontrol>60</pagecontrol>
                <viewtype label="536">list</viewtype>
                <scrolltime tween="quadratic">400</scrolltime>
                <itemlayout height="337" width="222">
                    <control type="image">
                        <left>0</left>
                        <top>0</top>
                        <right>0</right>
                        <bottom>12</bottom>
                        <texture border="10">common/nofocus-shadow10.png</texture>
                    </control>
                    <control type="image">
                        <left>10</left>
                        <top>10</top>
                        <right>10</right>
                        <bottom>22</bottom>
                        <aspectratio scalediffuse="false">scale</aspectratio>
                        <texture diffuse="diffuse/wall.png" background="true">$VAR[PosterImage]</texture>
                    </control>
                    <control type="image">
                        <centerright>32</centerright>
                        <centertop>32</centertop>
                        <width>32</width>
                        <height>32</height>
                        <aspectratio aligny="top">keep</aspectratio>
                        <texture colordiffuse="$VAR[ColorHighlight]">$VAR[PosterPercentWatchedBacking]</texture>

                        <visible>!stringcompare(ListItem.Label,..)</visible>
                    </control>
                    <control type="image">
                        <centerright>32</centerright>
                        <centertop>32</centertop>
                        <width>32</width>
                        <height>32</height>
                        <aspectratio aligny="top">keep</aspectratio>
                        <texture>$VAR[PosterPercentWatched]</texture>
                        <visible>!stringcompare(ListItem.Label,..)</visible>

                    </control>
                </itemlayout>
                <focusedlayout height="337" width="222">
                    <!-- Left Poster Info -->
                    <control type="group">
                        <posx>0</posx>
                        <posy>0</posy>
                        <visible>Skin.HasSetting(55wall.showinfo)</visible>
                        <visible>Container(55).Column(0) | Container(55).Column(1) | Container(55).Column(2) | Container(55).Column(3)</visible>
                        <animation effect="fade" start="0" end="0" delay="0" time="50" reversible="false">UnFocus</animation>
                        <animation effect="fade" start="0" end="0" delay="0" time="50" reversible="false">Hidden</animation>
                        <control type="image">
                            <posx>10</posx>
                            <posy>10</posy>
                            <width>870</width>
                            <height>305</height>
                            <texture colordiffuse="eecccccc" border="5">common/box.png</texture>
                            <animation effect="zoom" start="20,0,10,305" end="20,0,868,305" delay="1200" time="300" reversible="false">Focus</animation>
                        </control>
                        <include>View_55_Info_Left</include>
                    </control>
                    <!-- Right Poster Info -->
                    <control type="group">
                        <posx>-690</posx>
                        <posy>0</posy>
                        <visible>Skin.HasSetting(55wall.showinfo)</visible>
                        <visible>Container(55).Column(4) | Container(55).Column(5) | Container(55).Column(6) | Container(55).Column(7)</visible>
                        <animation effect="fade" start="0" end="0" delay="0" time="50" reversible="false">UnFocus</animation>
                        <animation effect="fade" start="0" end="0" delay="0" time="50" reversible="false">Hidden</animation>
                        <control type="image">
                            <posx>10</posx>
                            <posy>10</posy>
                            <width>870</width>
                            <height>305</height>
                            <texture colordiffuse="eecccccc" border="5">common/box.png</texture>
                            <animation effect="zoom" start="866,0,1,305" end="-866,0,846,305" delay="1200" time="300" reversible="false">Focus</animation>
                        </control>
                        <include>View_55_Info_Right</include>
                    </control>

                    <control type="image">
                        <left>0</left>
                        <top>0</top>
                        <right>0</right>
                        <bottom>12</bottom>
                        <texture border="10">common/nofocus-shadow10.png</texture>
                    </control>
                    <control type="image">
                        <left>10</left>
                        <top>10</top>
                        <right>10</right>
                        <bottom>22</bottom>
                        <aspectratio scalediffuse="false">scale</aspectratio>
                        <texture diffuse="diffuse/wall.png" background="true">$VAR[PosterImage]</texture>
                    </control>
                    <control type="image">
                        <centerright>32</centerright>
                        <centertop>32</centertop>
                        <width>32</width>
                        <height>32</height>
                        <aspectratio aligny="top">keep</aspectratio>
                        <texture colordiffuse="$VAR[ColorHighlight]">$VAR[PosterPercentWatchedBacking]</texture>

                        <visible>!stringcompare(ListItem.Label,..)</visible>
                    </control>
                    <control type="image">
                        <centerright>32</centerright>
                        <centertop>32</centertop>
                        <width>32</width>
                        <height>32</height>
                        <aspectratio aligny="top">keep</aspectratio>
                        <texture>$VAR[PosterPercentWatched]</texture>
                        <visible>!stringcompare(ListItem.Label,..)</visible>

                    </control>
                    <control type="image">
                        <left>3</left>
                        <top>3</top>
                        <right>3</right>
                        <bottom>15</bottom>
                        <texture colordiffuse="$VAR[ColorHighlight]" border="20">common/selectbox.png</texture>
                        <animation type="Focus">
                            <effect type="zoom" start="90" end="100" time="150" tween="sine" easing="inout" center="auto" />
                            <effect type="fade" start="0" end="100" time="150" tween="sine" easing="in" />
                        </animation>
                        <animation type="Unfocus">
                            <effect type="zoom" start="100" end="90" time="150" tween="sine" easing="inout" center="auto" />
                            <effect type="fade" start="100" end="0" time="150" tween="sine" easing="out" />
                        </animation>
                    </control>

                </focusedlayout>
            </control>
            <include>Furniture_Scrollbar</include>

        </control>
    </include>

    <include name="View_555_Wall_Episodes">
        <control type="group">
            <include>Animation.Common</include>
            <visible>Control.IsVisible(555)</visible>
            <control type="panel" id="555">
                <top>206</top>
                <right>70</right>
                <left>70</left>
                <height>674</height>
                <onleft condition="!Skin.HasSetting(global.kioskmode)">9000</onleft>
                <onright>60</onright>
                <onup>555</onup>
                <ondown>555</ondown>
                <preloaditems>2</preloaditems>
                <pagecontrol>60</pagecontrol>
                <viewtype label="31258">list</viewtype>
                <scrolltime tween="quadratic">400</scrolltime>
                <visible>Container.Content(movies) | Container.Content(tvshows) | Container.Content(seasons) | Container.Content(episodes) | Container.Content(sets)</visible>
                <itemlayout height="337" width="444">
                    <control type="image">
                        <left>0</left>
                        <top>0</top>
                        <right>0</right>
                        <bottom>92</bottom>
                        <texture border="10">common/nofocus-shadow10.png</texture>
                    </control>
                    <control type="image">
                        <left>10</left>
                        <top>10</top>
                        <right>10</right>
                        <bottom>102</bottom>
                        <aspectratio scalediffuse="false">scale</aspectratio>
                        <texture diffuse="diffuse/pvrinfo.png" background="true">$VAR[FanartImage]</texture>
                    </control>
                    <control type="image">
                        <centerright>32</centerright>
                        <centertop>32</centertop>
                        <width>32</width>
                        <height>32</height>
                        <aspectratio aligny="top">keep</aspectratio>
                        <texture colordiffuse="$VAR[ColorHighlight]">$VAR[PosterPercentWatchedBacking]</texture>
                        <visible>!stringcompare(ListItem.Label,..)</visible>
                    </control>
                    <control type="image">
                        <centerright>32</centerright>
                        <centertop>32</centertop>
                        <width>32</width>
                        <height>32</height>
                        <aspectratio aligny="top">keep</aspectratio>
                        <texture>$VAR[PosterPercentWatched]</texture>
                        <visible>!stringcompare(ListItem.Label,..)</visible>
                    </control>
                    <control type="label">
                        <font>TinyBold</font>
                        <left>15</left>
                        <right>15</right>
                        <bottom>40</bottom>
                        <align>left</align>
                        <textcolor>Dark1</textcolor>
                        <label>$INFO[ListItem.Label]</label>
                    </control>
                    <control type="label">
                        <font>Tiny</font>
                        <left>15</left>
                        <right>15</right>
                        <bottom>40</bottom>
                        <align>right</align>
                        <textcolor>Dark2</textcolor>
                        <label>$INFO[ListItem.Rating]</label>
                    </control>
                    <control type="label">
                        <font>Mini</font>
                        <left>15</left>
                        <right>15</right>
                        <bottom>3</bottom>
                        <align>left</align>
                        <textcolor>Dark2</textcolor>
                        <label>$VAR[LabelYear]</label>
                    </control>
                    <control type="label">
                        <font>Mini</font>
                        <left>15</left>
                        <right>15</right>
                        <bottom>3</bottom>
                        <align>right</align>
                        <textcolor>Dark2</textcolor>
                        <label>$VAR[LabelDuration]</label>
                    </control>
                </itemlayout>
                <focusedlayout height="337" width="444">
                    <control type="image">
                        <left>0</left>
                        <top>0</top>
                        <right>0</right>
                        <bottom>92</bottom>
                        <texture border="10">common/nofocus-shadow10.png</texture>
                    </control>
                    <control type="image">
                        <left>10</left>
                        <top>10</top>
                        <right>10</right>
                        <bottom>102</bottom>
                        <aspectratio scalediffuse="false">scale</aspectratio>
                        <texture diffuse="diffuse/pvrinfo.png" background="true">$VAR[FanartImage]</texture>
                    </control>
                    <control type="image">
                        <centerright>32</centerright>
                        <centertop>32</centertop>
                        <width>32</width>
                        <height>32</height>
                        <aspectratio aligny="top">keep</aspectratio>
                        <texture colordiffuse="$VAR[ColorHighlight]">$VAR[PosterPercentWatchedBacking]</texture>
                        <visible>!stringcompare(ListItem.Label,..)</visible>
                    </control>
                    <control type="image">
                        <centerright>32</centerright>
                        <centertop>32</centertop>
                        <width>32</width>
                        <height>32</height>
                        <aspectratio aligny="top">keep</aspectratio>
                        <texture>$VAR[PosterPercentWatched]</texture>
                        <visible>!stringcompare(ListItem.Label,..)</visible>
                    </control>
                    <control type="image">
                        <left>3</left>
                        <top>3</top>
                        <right>3</right>
                        <bottom>95</bottom>
                        <texture colordiffuse="$VAR[ColorHighlight]" border="20">common/selectbox.png</texture>
                        <animation type="Focus">
                            <effect type="zoom" start="90" end="100" time="150" tween="sine" easing="inout" center="auto" />
                            <effect type="fade" start="0" end="100" time="150" tween="sine" easing="in" />
                        </animation>
                        <animation type="Unfocus">
                            <effect type="zoom" start="100" end="90" time="150" tween="sine" easing="inout" center="auto" />
                            <effect type="fade" start="100" end="0" time="150" tween="sine" easing="out" />
                        </animation>
                    </control>
                    <control type="label">
                        <font>TinyBold</font>
                        <left>15</left>
                        <right>15</right>
                        <bottom>40</bottom>
                        <align>left</align>
                        <textcolor>Dark1</textcolor>
                        <label>$INFO[ListItem.Label]</label>
                    </control>
                    <control type="label">
                        <font>Tiny</font>
                        <left>15</left>
                        <right>15</right>
                        <bottom>40</bottom>
                        <align>right</align>
                        <textcolor>Dark2</textcolor>
                        <label>$INFO[ListItem.Rating]</label>
                    </control>
                    <control type="label">
                        <font>Mini</font>
                        <left>15</left>
                        <right>15</right>
                        <bottom>3</bottom>
                        <align>left</align>
                        <textcolor>Dark2</textcolor>
                        <label>$VAR[LabelYear]</label>
                    </control>
                    <control type="label">
                        <font>Mini</font>
                        <left>15</left>
                        <right>15</right>
                        <bottom>3</bottom>
                        <align>right</align>
                        <textcolor>Dark2</textcolor>
                        <label>$VAR[LabelDuration]</label>
                    </control>
                </focusedlayout>
            </control>
            <include>Furniture_Scrollbar</include>
        </control>

    </include>
</includes>
