<favourites>
    <favourite name="DRIVE IN THEATER" thumb="https://i.imgsafe.org/40644b238f.jpg">ActivateWindow(10025,&quot;plugin://plugin.video.one242415/?action=directory&amp;content=addons&amp;url=http%3a%2f%2fone242415.offshorepastebin.com%2f1MAIN%2f1DRIVEIN.xml&quot;)</favourite>
    <favourite name="MOVIE TRAILERS" thumb="https://i.imgsafe.org/4010b626e5.jpg">ActivateWindow(10025,&quot;plugin://plugin.video.one242415/?action=directory&amp;content=addons&amp;url=http%3a%2f%2fone242415.offshorepastebin.com%2f1MAIN%2f1TRAILERS.xml&quot;)</favourite>
    <favourite name="MOVIE OF THE WEEK" thumb="https://i.imgsafe.org/30d69f1ad3.jpg">ActivateWindow(10025,&quot;plugin://plugin.video.one242415/?action=directory&amp;content=addons&amp;url=http%3a%2f%2fone242415.offshorepastebin.com%2f1MAIN%2f1MOVIEWEEK.xml&quot;)</favourite>
    <favourite name="NEW RELEASES" thumb="https://i.imgsafe.org/30a480d1f2.jpg">ActivateWindow(10025,&quot;plugin://plugin.video.one242415/?action=directory&amp;content=addons&amp;url=http%3a%2f%2fone242415.offshorepastebin.com%2f1MAIN%2f1NEWRELEASES.xml&quot;)</favourite>
    <favourite name="YOUTUBE LIVE STREAMS" thumb="https://i.imgsafe.org/2f783d9479.jpg">ActivateWindow(10025,&quot;plugin://plugin.video.one242415/?action=directory&amp;content=addons&amp;url=http%3a%2f%2fone242415.offshorepastebin.com%2f1MAIN%2f1YOUTUBE.xml&quot;)</favourite>
    <favourite name="LIVE SPORTS" thumb="https://i.imgsafe.org/30807572bf.jpg">ActivateWindow(10025,&quot;plugin://plugin.video.one242415/?action=directory&amp;content=addons&amp;url=http%3a%2f%2fone242415.offshorepastebin.com%2f1MAIN%2f1LIVESPORTS.xml&quot;)</favourite>
    <favourite name="SPORTS REPLAYS" thumb="https://i.imgsafe.org/40aa19fe06.jpg">ActivateWindow(10025,&quot;plugin://plugin.video.one242415/?action=directory&amp;content=addons&amp;url=http%3a%2f%2fone242415.offshorepastebin.com%2f1MAIN%2f1REPLAYS.xml&quot;)</favourite>
    <favourite name="ADULT" thumb="https://i.imgsafe.org/2b7809d063.jpg">ActivateWindow(10025,&quot;plugin://plugin.video.one242415/?action=directory&amp;content=addons&amp;url=http%3a%2f%2fone242415.offshorepastebin.com%2f1MAIN%2f1ADULT.xml&quot;)</favourite>
    <favourite name="BLACK ENTERTAINMENT" thumb="https://i.imgsafe.org/2b7add7c59.jpg">ActivateWindow(10025,&quot;plugin://plugin.video.one242415/?action=directory&amp;content=addons&amp;url=http%3a%2f%2fone242415.offshorepastebin.com%2f1MAIN%2f1BLACK.xml&quot;)</favourite>
    <favourite name="CANADA" thumb="https://i.imgsafe.org/8044eeab16.jpg">ActivateWindow(10025,&quot;plugin://plugin.video.one242415/?action=directory&amp;content=addons&amp;url=http%3a%2f%2fone242415.offshorepastebin.com%2f1MAIN%2f1CANADA.xml&quot;)</favourite>
    <favourite name="CLASSICS" thumb="https://i.imgsafe.org/2b7c6c11de.jpg">ActivateWindow(10025,&quot;plugin://plugin.video.one242415/?action=directory&amp;content=addons&amp;url=http%3a%2f%2fone242415.offshorepastebin.com%2f1MAIN%2f1CLASSICS.xml&quot;)</favourite>
    <favourite name="COLLECTIONS" thumb="https://i.imgsafe.org/2b7eb88a43.jpg">ActivateWindow(10025,&quot;plugin://plugin.video.one242415/?action=directory&amp;content=addons&amp;url=http%3a%2f%2fone242415.offshorepastebin.com%2f1MAIN%2f1COLLECTIONS.xml&quot;)</favourite>
    <favourite name="COMEDY" thumb="https://i.imgsafe.org/2b8098ceaa.jpg">ActivateWindow(10025,&quot;plugin://plugin.video.one242415/?action=directory&amp;content=addons&amp;url=http%3a%2f%2fone242415.offshorepastebin.com%2f1MAIN%2f1COMEDY.xml&quot;)</favourite>
    <favourite name="COMIC MOVIES" thumb="https://i.imgsafe.org/2b8229258d.jpg">ActivateWindow(10025,&quot;plugin://plugin.video.one242415/?action=directory&amp;content=addons&amp;url=http%3a%2f%2fone242415.offshorepastebin.com%2f1MAIN%2f1COMICS.xml&quot;)</favourite>
    <favourite name="CRIME" thumb="https://i.imgsafe.org/2b83ba35ba.jpg">ActivateWindow(10025,&quot;plugin://plugin.video.one242415/?action=directory&amp;content=addons&amp;url=http%3a%2f%2fone242415.offshorepastebin.com%2f1MAIN%2f1CRIME.xml&quot;)</favourite>
    <favourite name="DOCUMENTARY" thumb="https://i.imgsafe.org/2b8548b2db.jpg">ActivateWindow(10025,&quot;plugin://plugin.video.one242415/?action=directory&amp;content=addons&amp;url=http%3a%2f%2fone242415.offshorepastebin.com%2f1MAIN%2f1DOCS.xml&quot;)</favourite>
    <favourite name="EXPLOITATION" thumb="https://i.imgsafe.org/2b86f6f385.jpg">ActivateWindow(10025,&quot;plugin://plugin.video.one242415/?action=directory&amp;content=addons&amp;url=http%3a%2f%2fone242415.offshorepastebin.com%2f1MAIN%2f1EXPLOITATION.xml&quot;)</favourite>
    <favourite name="FOOD" thumb="https://i.imgsafe.org/2b88890d61.jpg">ActivateWindow(10025,&quot;plugin://plugin.video.one242415/?action=directory&amp;content=addons&amp;url=http%3a%2f%2fone242415.offshorepastebin.com%2f1MAIN%2f1FOOD.xml&quot;)</favourite>
    <favourite name="GIRLS" thumb="https://i.imgsafe.org/656443ffeb.jpg">ActivateWindow(10025,&quot;plugin://plugin.video.one242415/?action=directory&amp;content=addons&amp;url=http%3a%2f%2fone242415.offshorepastebin.com%2f1MAIN%2f1WOMEN.xml&quot;)</favourite>
    <favourite name="GUYS" thumb="https://i.imgsafe.org/654af0d514.jpg">ActivateWindow(10025,&quot;plugin://plugin.video.one242415/?action=directory&amp;content=addons&amp;url=http%3a%2f%2fone242415.offshorepastebin.com%2f1MAIN%2f1MANCAVE.xml&quot;)</favourite>
    <favourite name="HORROR" thumb="https://i.imgsafe.org/2b8a11682a.jpg">ActivateWindow(10025,&quot;plugin://plugin.video.one242415/?action=directory&amp;content=addons&amp;url=http%3a%2f%2fone242415.offshorepastebin.com%2f1MAIN%2f1HORROR.xml&quot;)</favourite>
    <favourite name="INTERNATIONAL" thumb="https://i.imgsafe.org/2b8b68a06c.jpg">ActivateWindow(10025,&quot;plugin://plugin.video.one242415/?action=directory&amp;content=addons&amp;url=http%3a%2f%2fone242415.offshorepastebin.com%2f1MAIN%2f1INTERNATIONAL.xml&quot;)</favourite>
    <favourite name="ITALIAN" thumb="https://i.imgsafe.org/2b8cf44a4e.jpg">ActivateWindow(10025,&quot;plugin://plugin.video.one242415/?action=directory&amp;content=addons&amp;url=http%3a%2f%2fone242415.offshorepastebin.com%2f1MAIN%2f1ITALIAN.xml&quot;)</favourite>
    <favourite name="KIDS" thumb="https://i.imgsafe.org/2b8ef941c4.jpg">ActivateWindow(10025,&quot;plugin://plugin.video.one242415/?action=directory&amp;content=addons&amp;url=http%3a%2f%2fone242415.offshorepastebin.com%2f1MAIN%2f1KIDS.xml&quot;)</favourite>
    <favourite name="LIVE" thumb="https://i.imgsafe.org/2b9057d9fb.jpg">ActivateWindow(10025,&quot;plugin://plugin.video.one242415/?action=directory&amp;content=addons&amp;url=http%3a%2f%2fone242415.offshorepastebin.com%2f1MAIN%2f1LIVE.xml&quot;)</favourite>
    <favourite name="MISC." thumb="https://i.imgsafe.org/2b93d93072.jpg">ActivateWindow(10025,&quot;plugin://plugin.video.one242415/?action=directory&amp;content=addons&amp;url=http%3a%2f%2fone242415.offshorepastebin.com%2f1MAIN%2f1MISC.xml&quot;)</favourite>
    <favourite name="MUSIC - ARTS" thumb="https://i.imgsafe.org/2b988e5a7f.jpg">ActivateWindow(10025,&quot;plugin://plugin.video.one242415/?action=directory&amp;content=addons&amp;url=http%3a%2f%2fone242415.offshorepastebin.com%2f1MAIN%2f1MUSIC.xml&quot;)</favourite>
    <favourite name="ON DEMAND" thumb="https://i.imgsafe.org/2b956533db.jpg">ActivateWindow(10025,&quot;plugin://plugin.video.one242415/?action=directory&amp;content=addons&amp;url=http%3a%2f%2fone242415.offshorepastebin.com%2f1MAIN%2f1ONDEMAND.xml&quot;)</favourite>
    <favourite name="PARANORMAL" thumb="https://i.imgsafe.org/2b9b72b908.jpg">ActivateWindow(10025,&quot;plugin://plugin.video.one242415/?action=directory&amp;content=addons&amp;url=http%3a%2f%2fone242415.offshorepastebin.com%2f1MAIN%2f1PARANORMAL.xml&quot;)</favourite>
    <favourite name="RETRO TV" thumb="https://i.imgsafe.org/65d1f50a0b.jpg">ActivateWindow(10025,&quot;plugin://plugin.video.one242415/?action=directory&amp;content=addons&amp;url=http%3a%2f%2fone242415.offshorepastebin.com%2f1MAIN%2f1RETRO.xml&quot;)</favourite>
    <favourite name="SPORTSMAN" thumb="https://i.imgsafe.org/8e075daaf0.jpg">ActivateWindow(10025,&quot;plugin://plugin.video.one242415/?action=directory&amp;content=addons&amp;url=http%3a%2f%2fone242415.offshorepastebin.com%2f1MAIN%2f1SPORTSMAN.xml&quot;)</favourite>
    <favourite name="SPORTS FILMS" thumb="https://i.imgsafe.org/65a6ed552d.jpg">ActivateWindow(10025,&quot;plugin://plugin.video.one242415/?action=directory&amp;content=addons&amp;url=http%3a%2f%2fone242415.offshorepastebin.com%2f1MAIN%2f1SPORTS.xml&quot;)</favourite>
    <favourite name="TECH" thumb="https://i.imgsafe.org/2b9e62a491.jpg">ActivateWindow(10025,&quot;plugin://plugin.video.one242415/?action=directory&amp;content=addons&amp;url=http%3a%2f%2fone242415.offshorepastebin.com%2f1MAIN%2f1TECH.xml&quot;)</favourite>
    <favourite name="TV SHOWS" thumb="https://i.imgsafe.org/2b9fe28095.jpg">ActivateWindow(10025,&quot;plugin://plugin.video.one242415/?action=directory&amp;content=addons&amp;url=http%3a%2f%2fone242415.offshorepastebin.com%2f1MAIN%2f1TVSHOWS.xml&quot;)</favourite>
    <favourite name="WESTERNS" thumb="https://i.imgsafe.org/2ba1470d7c.jpg">ActivateWindow(10025,&quot;plugin://plugin.video.one242415/?action=directory&amp;content=addons&amp;url=http%3a%2f%2fone242415.offshorepastebin.com%2f1MAIN%2f1WESTERNS.xml&quot;)</favourite>
</favourites>