<?xml version="1.0" encoding="UTF-8"?>
	<addon id="skin.afk.box" version="2.0.0" name="AFK-Box Theme" provider-name="AFK dank aan Jeroen">
	<requires>
		<import addon="xbmc.gui" version="5.3.0"/>
		<import addon="script.artistslideshow" version="1.8.2"/>
		<import addon="script.artwork.downloader" version="12.0.29"/>
		<import addon="script.globalsearch" version="3.0.4"/>
		<import addon="script.grab.fanart" version="0.13.0"/>
		<import addon="script.skinshortcuts" version="0.4.4"/>
		<import addon="script.tv.show.next.aired" version="6.0.12"/>
		<import addon="script.watchlist" version="0.0.2"/>
		<import addon="service.library.data.provider" version="0.0.7"/>
    </requires>
    <extension point="xbmc.gui.skin" effectslowdown="1.00" debugging="false">
		<res width="1280" height="720" aspect="16:9" default="true" folder="720p" />
    </extension>
	<extension point="xbmc.addon.metadata">
		<platform>all</platform>
		<summary>AFK-theme by Jeroen</summary>
		<summary lang="nl">AFK-theme door AFK mede door Jeroen</summary>
		<summary lang="es">AFK-theme, hecho por AFK and Jeroen</summary>
		<summary lang="pl">AFK-theme autorstwa AFK and Jeroena</summary>
		<summary lang="de">AFK-theme, von AFK and Jeroen</summary>
		<description>AFK-theme is a graphical interface for XBMC that understands your media is what truly matters. Elegance, simplicity, refinement, consistency and balanced design are keywords for this skin.</description>
		<disclaimer>Mouse and touchscreen use not supported</disclaimer>
		<license>Attribution-NonCommercial-ShareAlike 3.0 Unported</license>
		<forum>http://allefilmskijken.com</forum>
		<source>http://allefilmskijken.com</source>
		<website>http://allefilmskijken.com</website>
	</extension>
</addon>