<favourites>
	<favourite name="Speciale Collecties" thumb="http://i.imgur.com/07NhgoI.jpg">ActivateWindow(10025,&quot;plugin://plugin.video.bennu/?action=directory&amp;content=addons&amp;url=%24doregex%5bdir%5d%7cregex%3d52e9afc3bda824545ed41a652358d408&quot;,return)</favourite>
    <favourite name="GameKings" thumb="special://skin/logos/gamekings.png">ActivateWindow(10025,&quot;plugin://plugin.video.gamekings/&quot;)</favourite>
	<favourite name="Dumpert" thumb="special://skin/logos/dumpert.png">ActivateWindow(10025,&quot;plugin://plugin.video.dumpert/&quot;)</favourite>
	<favourite name="Vimeo" thumb="special://skin/logos/vimeo.png">ActivateWindow(10025,&quot;plugin://plugin.video.vimeo/&quot;)</favourite>
	<favourite name="Vuurwerk TV" thumb="special://home/addons/plugin.video.vuurwerk/icon.png">ActivateWindow(10025,&quot;plugin://plugin.video.vuurwerk/&quot;)</favourite>
    <favourite name="USB media" thumb="special://skin/logos/usbmedia.png">ActivateWindow(3, &quot;&quot;)</favourite>
</favourites>