<?xml version="1.0" encoding="UTF-8" standalone="yes"?>
<addon id="repository.zatrix" name="Zatrix Repo" version="1.0.1" provider-name="Angel">
	<extension point="xbmc.addon.repository" name="Zatrix Repository">
    <dir>
            <info compressed="false">https://raw.github.com/iamAngel/zatrix/master/addons.xml</info>
            <checksum>https://raw.github.com/iamAngel/zatrix/master/addons.xml.md5</checksum>
            <datadir zip="true">https://raw.github.com/iamAngel/zatrix/master/zips/</datadir>
    </dir>
	</extension>
	<extension point="xbmc.addon.metadata">
		<summary>Official Zatrix Project</summary>
		<description lang="en">Download and install addons from Zatrix build</description>
		<platform>all</platform>
	</extension>
</addon>