<?xml version='1.0' encoding='UTF-8'?>
<shortcuts>
	<shortcut>
		<defaultID />
		<label>On-Demand</label>
		<label2>Programma</label2>
		<icon>DefaultShortcut.png</icon>
		<thumb>special://skin/extras/icons/director.png</thumb>
		<action>ActivateWindow(10025,"plugin://plugin.program.super.favourites/?label=On-Demand&amp;mode=400&amp;path=special%3A%2F%2Fprofile%2Faddon_data%2Fplugin.program.super.favourites%2FSuper+Favourites%2FOn-Demand",return)</action>
	</shortcut>
	<shortcut>
		<defaultID />
		<label>Live Streams</label>
		<label2>Programma</label2>
		<icon>DefaultShortcut.png</icon>
		<thumb>special://skin/extras/icons/tv.png</thumb>
		<action>ActivateWindow(10025,"plugin://plugin.program.super.favourites/?label=Kanalen&amp;mode=400&amp;path=special%3A%2F%2Fprofile%2Faddon_data%2Fplugin.program.super.favourites%2FSuper+Favourites%2FKanalen",return)</action>
	</shortcut>
	<shortcut>
		<defaultID />
		<label>Sports</label>
		<label2>Programma</label2>
		<icon>DefaultShortcut.png</icon>
		<thumb>special://skin/extras/icons/run.png</thumb>
		<action>ActivateWindow(10025,"plugin://plugin.program.super.favourites/?label=Sports&amp;mode=400&amp;path=special%3A%2F%2Fprofile%2Faddon_data%2Fplugin.program.super.favourites%2FSuper+Favourites%2FSports",return)</action>
	</shortcut>
	<shortcut>
		<defaultID />
		<label>Muziek</label>
		<label2>Programma</label2>
		<icon>DefaultShortcut.png</icon>
		<thumb>special://skin/extras/icons/songs.png</thumb>
		<action>ActivateWindow(10025,"plugin://plugin.program.super.favourites/?label=Muziek&amp;mode=400&amp;path=special%3A%2F%2Fprofile%2Faddon_data%2Fplugin.program.super.favourites%2FSuper+Favourites%2FMuziek",return)</action>
	</shortcut>
	<shortcut>
		<defaultID />
		<label>Extra</label>
		<label2>Programma</label2>
		<icon>DefaultShortcut.png</icon>
		<thumb>special://skin/extras/icons/title.png</thumb>
		<action>ActivateWindow(10025,"plugin://plugin.program.super.favourites/?label=Extra&amp;mode=400&amp;path=special%3A%2F%2Fprofile%2Faddon_data%2Fplugin.program.super.favourites%2FSuper+Favourites%2FExtra",return)</action>
	</shortcut>
	<shortcut>
		<defaultID>instellingen</defaultID>
		<label>Instellingen</label>
		<label2>Aangepaste snelkoppeling</label2>
		<icon>DefaultShortcut.png</icon>
		<thumb>special://skin/extras/icons/addons.png</thumb>
		<action>ActivateWindow(shutdownmenu)</action>
	</shortcut>
</shortcuts>
