<favourites>
	<favourite name="Gratis online TV Streams, Box heeft geen invloed op de werking hiervan." thumb="">noop</favourite>
	<favourite name="" thumb="">noop</favourite>
	<favourite name="Nederlandse streams" thumb="special://skin/logos/nl.png">ActivateWindow(10025,&quot;plugin://plugin.video.nederland24/&quot;)</favourite>
	<favourite name="UK & US streams" thumb="special://skin/logos/uk.png">ActivateWindow(10025,&quot;plugin://plugin.video.ukturk/?description&amp;fanart=%2fstorage%2f.kodi%2faddons%2fplugin.video.ukturk%2ffanart.jpg&amp;iconimage=http%3a%2f%2faddoncloud.org%2fukturk%2fUKTurk%2fthumbs%2fnew%2fUk%2520turk%2520thumbnails%2520live%2520tv.jpg&amp;mode=1&amp;name=Live%20TV&amp;url=http%3a%2f%2faddoncloud.org%2fukturk%2fUKTurk%2fLive%2520TV.txt&quot;)</favourite>
    <favourite name="Franse streams" thumb="special://skin/logos/fr.png">ActivateWindow(10025,&quot;plugin://plugin.video.Test/?&amp;mode=53&amp;name=FRENCH%20TV&amp;url=plugin%3a%2f%2fplugin.video.SportsDevil%2f%3fmode%3d1%26item%3durl.tmp%253D%25252Fgroup%25252Ffrench-tv%2526title%253DFRENCH%252BTV%2526url%253Dhttp%25253A%25252F%25252Fwww.filmon.com%25252Fgroup%25252Ffrench-tv%2526cfg%253Dfilmon.com.cfg%252540Channels%2526definedIn%253Dcustoms%25252Ffilmon.com.cfg%2526director%253Dfilmon.com%2526genre%253DLive%252BTV%2526type%253Drss%2526icon%253Dhttp%25253A%25252F%25252Fstatic.filmon.com%25252Fassets%25252Fgroups%25252F27%25252Fbig_logo.png&quot;)</favourite>
	<favourite name="Arabisch streams" thumb="special://skin/logos/ar.png">ActivateWindow(10025,&quot;plugin://plugin.video.Test/?&amp;mode=1&amp;url=http%3a%2f%2fpastebin.com%2fraw.php%3fi%3dFPNdHNuY&quot;)</favourite>
	<favourite name="Turkse streams" thumb="special://skin/logos/tr.png">ActivateWindow(10025,&quot;plugin://plugin.video.ukturk/?description&amp;fanart=%2fstorage%2f.kodi%2faddons%2fplugin.video.ukturk%2ffanart.jpg&amp;iconimage=http%3a%2f%2faddoncloud.org%2fukturk%2fUKTurk%2fthumbs%2fnew%2fUk%2520turk%2520thumbnails%2520turkish%2520tv.jpg&amp;mode=1&amp;name=Turkish%20TV&amp;url=http%3a%2f%2faddoncloud.org%2fukturk%2fUKTurk%2fTurkishTV.txt&quot;)</favourite>
    <favourite name="Spaanse streams" thumb="special://skin/logos/es.png">ActivateWindow(10025,&quot;plugin://plugin.video.Test/?&amp;mode=1&amp;url=http%3a%2f%2fpastebin.com%2fraw.php%3fi%3d9grE8qJV&quot;)</favourite>
	<favourite name="Categorieen" thumb="special://skin/logos/categorie.png">ActivateWindow(10025,&quot;plugin://plugin.video.veetle/?categories&quot;)</favourite>
	<favourite name="Meer bekijken" thumb="special://skin/logos/meer.png">ActivateWindow(10025,&quot;plugin://plugin.video.F.T.V/?&quot;)</favourite>
</favourites>