<?xml version="1.0" encoding="utf-8" standalone="yes"?>
<window type="window">
	<depth>0.52</depth>
 	<defaultcontrol always="true">32504</defaultcontrol>
 	<animation type="WindowOpen" reversible="false">
		<effect type="zoom" start="80" end="100" center="960,540" delay="160" tween="back" time="240" />
		<effect type="fade" delay="160" end="100" time="240" />
	</animation>
	<animation type="WindowClose" reversible="false">
		<effect type="zoom" start="100" end="80" center="960,540" easing="in" tween="back" time="240" />
		<effect type="fade" start="100" end="0" time="240" />
	</animation>

	<controls>
		<control type="image" id="32502">
			<left>20</left>
			<top>655</top>
			<width>40</width>
			<height>40</height>
			<texture></texture>
			<animation effect="rotate" center="auto" time="500" start="0%" end="-45%" condition="Control.HasFocus(32504)">Conditional</animation>
			<animation effect="rotate" center="auto" time="500" start="-45%" end="0%" condition="!Control.HasFocus(32504)">Conditional</animation>
		</control>
		<control type="image" id="32512">
			<left>20</left>
			<top>655</top>
			<width>40</width>
			<height>40</height>
			<texture>MatchCenter/SC.gif</texture>
			<animation effect="rotate" center="auto" time="500" start="0%" end="-45%" condition="Control.HasFocus(32504)">Conditional</animation>
			<animation effect="rotate" center="auto" time="500" start="-45%" end="0%" condition="!Control.HasFocus(32504)">Conditional</animation>
		</control>
		<control type="image" id="32513">
			<left>20</left>
			<top>655</top>
			<width>40</width>
			<height>40</height>
			<texture>MatchCenter/VSC.png</texture>
			<animation effect="rotate" center="auto" time="500" start="0%" end="-45%" condition="Control.HasFocus(32504)">Conditional</animation>
			<animation effect="rotate" center="auto" time="500" start="-45%" end="0%" condition="!Control.HasFocus(32504)">Conditional</animation>
		</control>
		<control type="button" id="32504">
			<left>20</left>
			<top>655</top>
			<width>40</width>
			<height>40</height>
			<texturenofocus></texturenofocus>
			<texturefocus></texturefocus>
			<onup>32507</onup>
		</control>
		<control type="button" id="32501">
			<left>40</left>
			<top>670</top>
			<width>1200</width>
			<height>40</height>
			<texturenofocus colordiffuse="gold" border="5">Controls/MenuItemFO.png</texturenofocus>
			<texturefocus colordiffuse="white" border="5">Controls/MenuItemFO.png</texturefocus>
		</control>
		<control type="label" id="32500">
			<description>Texto</description>
			<posx>50</posx>
			<posy>680</posy>
			<width>1140</width>
			<height>30</height>
			<label></label>
			<font>font13</font>
			<align>left</align>
			<textcolor>selected</textcolor>
			<shadowcolor>AA000000</shadowcolor>
			<scroll>true</scroll>
		</control>
		<control type="button" id="32505">
			<left>10</left>
			<top>620</top>
			<width>30</width>
			<height>30</height>
			<texturenofocus>http://cdn.mysitemyway.com/etc-mysitemyway/icons/legacy-previews/icons/blue-jelly-icons-alphanumeric/069510-blue-jelly-icon-alphanumeric-letter-cc.png</texturenofocus>
			<texturefocus colordiffuse="yellow">http://cdn.mysitemyway.com/etc-mysitemyway/icons/legacy-previews/icons/blue-jelly-icons-alphanumeric/069510-blue-jelly-icon-alphanumeric-letter-cc.png</texturefocus>
			<ondown>32506</ondown>
		</control>
		<control type="button" id="32506">
			<left>40</left>
			<top>620</top>
			<width>30</width>
			<height>30</height>
			<texturenofocus>http://cdn.mysitemyway.com/etc-mysitemyway/icons/legacy-previews/icons-256/blue-jelly-icons-alphanumeric/069544-blue-jelly-icon-alphanumeric-letter-tt.png</texturenofocus>
			<texturefocus colordiffuse="yellow">http://cdn.mysitemyway.com/etc-mysitemyway/icons/legacy-previews/icons-256/blue-jelly-icons-alphanumeric/069544-blue-jelly-icon-alphanumeric-letter-tt.png</texturefocus>
			<ondown>32503</ondown>
			<onup>32505</onup>
		</control>
		<control type="group">
			<visible>IsEmpty(Window(home).Property(loading-script-matchcenter-livemotos))</visible>
			<control type="list" id="32503">
				<left>70</left>
				<top>597</top>
				<width>2000</width>
				<height>170</height>
				<onup>32506</onup>
				<ondown>32507</ondown>
				<itemlayout height="90" width="1137">
					<control type="image">
						<left>-25</left>
						<top>-20</top>
						<width>2030</width>
						<height>110</height>
						<texture border="40">MatchCenter/button-nofo.png</texture>
					</control>
					<control type="textbox">
						<description>Hora</description>
						<posx>10</posx>
						<posy>15</posy>
						<width>70</width>
						<height>50</height>
						<label>$INFO[ListItem.Property(hora)]</label>
						<font>font13</font>
						<align>center</align>
						<textcolor>selected</textcolor>
						<shadowcolor>AA000000</shadowcolor>
					</control>
					<control type="textbox">
						<description>Comentario</description>
						<posx>140</posx>
						<posy>9</posy>
						<width>950</width>
						<height>55</height>
						<label>$INFO[ListItem.Label]</label>
						<font>font13</font>
						<align>left</align>
						<textcolor>white</textcolor>
						<shadowcolor>AA000000</shadowcolor>
						<autoscroll delay="4000" time="1000" repeat="5000">IsEmpty(Window(home).Property(loading-script-matchcenter-livemotos))</autoscroll>
					</control>
					<control type="image">
						<left>90</left>
						<top>27</top>
						<width>35</width>
						<height>30</height>
						<texture>$INFO[ListItem.Property(thumb)]</texture>
					</control>
				</itemlayout>
				<focusedlayout height="90" width="1137">
					<control type="image">
						<left>-25</left>
						<top>-20</top>
						<width>1182</width>
						<height>110</height>
						<texture border="40">MatchCenter/button-nofo.png</texture>
					</control>
					<control type="image">
						<left>-20</left>
						<top>-20</top>
						<width>1177</width>
						<height>110</height>
						<texture border="40" colordiffuse="FF12B2E7">MatchCenter/button-fo.png</texture>
						<animation effect="fade" start="100" end="0" time="0">Unfocus</animation>
					</control>
					<control type="textbox">
						<description>Hora</description>
						<posx>10</posx>
						<posy>15</posy>
						<width>70</width>
						<height>50</height>
						<label>$INFO[ListItem.Property(hora)]</label>
						<font>font13</font>
						<align>center</align>
						<textcolor>selected</textcolor>
						<shadowcolor>AA000000</shadowcolor>
					</control>
					<control type="textbox">
						<description>Comentario</description>
						<posx>140</posx>
						<posy>9</posy>
						<width>950</width>
						<height>55</height>
						<label>$INFO[ListItem.Label]</label>
						<font>font13</font>
						<align>left</align>
						<textcolor>white</textcolor>
						<shadowcolor>AA000000</shadowcolor>
						<autoscroll delay="4000" time="1000" repeat="5000">IsEmpty(Window(home).Property(loading-script-matchcenter-livemotos))</autoscroll>
					</control>
					<control type="image">
						<left>90</left>
						<top>27</top>
						<width>35</width>
						<height>30</height>
						<texture>$INFO[ListItem.Property(thumb)]</texture>
					</control>
				</focusedlayout>
			</control>
		</control>
		<control type="group">
			<visible>IsEmpty(Window(home).Property(loading-script-matchcenter-livemotos))</visible>
			<control type="list" id="32507">
				<left>70</left>
				<top>580</top>
				<width>2000</width>
				<height>200</height>
				<onup>32503</onup>
				<ondown>32504</ondown>
				<itemlayout height="90" width="1137">
					<control type="image">
						<left>-25</left>
						<top>-20</top>
						<width>2030</width>
						<height>128</height>
						<texture border="40">MatchCenter/button-nofo.png</texture>
					</control>
					<control type="image">
						<description>Profile pic</description>
						<left>2</left>
						<top>3</top>
						<width>83</width>
						<height>83</height>
						<texture>$INFO[ListItem.Property(profilepic)]</texture>
						<pulseonselect></pulseonselect>
					</control>
					<control type="textbox">
						<description>Tweet author</description>
						<posx>95</posx>
						<posy>5</posy>
						<width>1000</width>
						<height>70</height>
						<label>$INFO[ListItem.Property(author)]</label>
						<font>font14</font>
						<align>left</align>
						<textcolor>cadetblue</textcolor>
						<shadowcolor>AA000000</shadowcolor>
					</control>
					<control type="textbox">
						<description>Tweet timedelta</description>
						<posx>720</posx>
						<posy>5</posy>
						<width>400</width>
						<height>70</height>
						<label>$INFO[ListItem.Property(timedelta)]</label>
						<font>font12</font>
						<align>right</align>
						<textcolor>cadetblue</textcolor>
						<shadowcolor>AA000000</shadowcolor>
					</control>
					<control type="textbox">
						<description>Tweet text</description>
						<posx>95</posx>
						<posy>30</posy>
						<width>1000</width>
						<height>70</height>
						<label>$INFO[ListItem.Label]</label>
						<font>font14</font>
						<align>left</align>
						<textcolor>grey</textcolor>
						<shadowcolor>AA000000</shadowcolor>
					</control>
				</itemlayout>
				<focusedlayout height="90" width="1137">
					<control type="image">
						<left>-25</left>
						<top>-20</top>
						<width>1182</width>
						<height>128</height>
						<texture border="40">MatchCenter/button-nofo.png</texture>
					</control>
					<control type="image">
						<left>-20</left>
						<top>-20</top>
						<width>1177</width>
						<height>128</height>
						<texture border="40" colordiffuse="FF12B2E7">MatchCenter/button-fo.png</texture>
						<animation effect="fade" start="100" end="0" time="0">Unfocus</animation>
					</control>
					<control type="image">
						<description>Profile Pic</description>
						<left>2</left>
						<top>3</top>
						<width>83</width>
						<height>83</height>
						<texture>$INFO[ListItem.Property(profilepic)]</texture>
					</control>
					<control type="textbox">
						<description>Tweet author</description>
						<posx>95</posx>
						<posy>5</posy>
						<width>1000</width>
						<height>70</height>
						<label>$INFO[ListItem.Property(author)]</label>
						<font>font14</font>
						<align>left</align>
						<textcolor>cadetblue</textcolor>
						<shadowcolor>AA000000</shadowcolor>
					</control>
					<control type="textbox">
						<description>Tweet timedelta</description>
						<posx>720</posx>
						<posy>5</posy>
						<width>400</width>
						<height>70</height>
						<label>$INFO[ListItem.Property(timedelta)]</label>
						<font>font12</font>
						<align>right</align>
						<textcolor>cadetblue</textcolor>
						<shadowcolor>AA000000</shadowcolor>
					</control>
					<control type="textbox">
						<description>Tweet Text</description>
						<posx>95</posx>
						<posy>30</posy>
						<width>1000</width>
						<height>70</height>
						<label>$INFO[ListItem.Label]</label>
						<font>font14</font>
						<align>left</align>
						<textcolor>white</textcolor>
						<shadowcolor>AA000000</shadowcolor>
						<pulseonselect></pulseonselect>
					</control>
				</focusedlayout>
			</control>
		</control>
		<control type="group" id="32510">
			<visible>!IsEmpty(Window(home).Property(loading-script-matchcenter-livemoto_feed))</visible>
			<animation effect="slide" start="700,0" end="0,0" time="1500" tween="circle" easing="in">VisibleChange</animation>
			<control type="image">
				<left>980</left>
				<top>85</top>
				<width>400</width>
				<height>385</height>
				<texture colordiffuse="black" border="2">MatchCenter/marco_profile_black2.png</texture>
				<bordertexture colordiffuse="tomato">MatchCenter/marco_profile.png</bordertexture>
				<bordersize>10</bordersize>
			</control>
			<control type="label" id="32511">
				<description>Titulo</description>
				<posx>1012</posx>
				<posy>97</posy>
				<width>260</width>
				<height>20</height>
				<font>font13</font>
				<align>center</align>
				<textcolor>gold</textcolor>
				<shadowcolor>AA000000</shadowcolor>
				<scroll>true</scroll>
			</control>
			<control type="list" id="32508">
				<left>1000</left>
				<top>150</top>
				<width>400</width>
				<height>300</height>
				<itemlayout height="30" width="400">
					<control type="label">
						<description>Position</description>
						<posx>2</posx>
						<posy>5</posy>
						<width>18</width>
						<height>20</height>
						<label>$INFO[ListItem.Label]</label>
						<font>font10</font>
						<align>left</align>
						<textcolor>fuchsia</textcolor>
						<shadowcolor>AA000000</shadowcolor>
					</control>
					<control type="label">
						<description>Nombre</description>
						<posx>22</posx>
						<posy>5</posy>
						<width>33</width>
						<height>20</height>
						<label>$INFO[ListItem.Property(piloto)]</label>
						<font>font10</font>
						<align>left</align>
						<textcolor>white</textcolor>
						<shadowcolor>AA000000</shadowcolor>
					</control>
					<control type="label">
						<description>Lap</description>
						<posx>57</posx>
						<posy>5</posy>
						<width>30</width>
						<height>20</height>
						<label>$INFO[ListItem.Property(lap)]</label>
						<font>font10</font>
						<align>center</align>
						<textcolor>green</textcolor>
						<shadowcolor>AA000000</shadowcolor>
					</control>
					<control type="label">
						<description>Gap</description>
						<posx>89</posx>
						<posy>5</posy>
						<width>44</width>
						<height>20</height>
						<label>$INFO[ListItem.Property(gap)]</label>
						<font>font10</font>
						<align>right</align>
						<textcolor>olive</textcolor>
						<shadowcolor>AA000000</shadowcolor>
					</control>
					<control type="label">
						<description>Speed/Position/Points/Pits/Best</description>
						<posx>142</posx>
						<posy>5</posy>
						<width>65</width>
						<height>20</height>
						<label>$INFO[ListItem.Property(variable)]</label>
						<font>font10</font>
						<align>center</align>
						<textcolor>orange</textcolor>
						<shadowcolor>AA000000</shadowcolor>
					</control>
					<control type="image">
						<description>Background 1</description>
						<left>210</left>
						<top>5</top>
						<width>65</width>
						<height>20</height>
						<texture colordiffuse="red">$INFO[ListItem.Property(background1)]</texture>
					</control>
					<control type="image">
						<description>Background 2</description>
						<left>210</left>
						<top>5</top>
						<width>65</width>
						<height>20</height>
						<texture colordiffuse="green">$INFO[ListItem.Property(background2)]</texture>
					</control>
					<control type="image">
						<description>Background 3</description>
						<left>210</left>
						<top>5</top>
						<width>65</width>
						<height>20</height>
						<texture colordiffuse="orange">$INFO[ListItem.Property(background3)]</texture>
					</control>
					<control type="image">
						<description>Background 4</description>
						<left>210</left>
						<top>5</top>
						<width>65</width>
						<height>20</height>
						<texture colordiffuse="gray">$INFO[ListItem.Property(background4)]</texture>
					</control>
					<control type="label">
						<description>Laptime</description>
						<posx>210</posx>
						<posy>5</posy>
						<width>65</width>
						<height>20</height>
						<label>$INFO[ListItem.Property(laptime)]</label>
						<font>font10</font>
						<align>right</align>
						<textcolor>white</textcolor>
						<shadowcolor>AA000000</shadowcolor>
					</control>
					<control type="image">
						<description>Sector 1</description>
						<left>142</left>
						<top>7</top>
						<width>15</width>
						<height>15</height>
						<texture>$INFO[ListItem.Property(sector1)]</texture>
					</control>
					<control type="image">
						<description>Sector 2</description>
						<left>157</left>
						<top>7</top>
						<width>15</width>
						<height>15</height>
						<texture>$INFO[ListItem.Property(sector2)]</texture>
					</control>
					<control type="image">
						<description>Sector 3</description>
						<left>172</left>
						<top>7</top>
						<width>15</width>
						<height>15</height>
						<texture>$INFO[ListItem.Property(sector3)]</texture>
					</control>
					<control type="image">
						<description>Sector 4</description>
						<left>187</left>
						<top>7</top>
						<width>15</width>
						<height>15</height>
						<texture>$INFO[ListItem.Property(sector4)]</texture>
					</control>
					<control type="label">
						<description>Marca</description>
						<posx>140</posx>
						<posy>5</posy>
						<width>60</width>
						<height>20</height>
						<label>$INFO[ListItem.Property(team)]</label>
						<font>font10</font>
						<align>center</align>
						<textcolor>orange</textcolor>
						<shadowcolor>AA000000</shadowcolor>
					</control>
				</itemlayout>
				<focusedlayout height="30" width="400">
					<control type="label">
						<description>Position</description>
						<posx>2</posx>
						<posy>5</posy>
						<width>18</width>
						<height>20</height>
						<label>$INFO[ListItem.Label]</label>
						<font>font10</font>
						<align>left</align>
						<textcolor>fuchsia</textcolor>
						<shadowcolor>AA000000</shadowcolor>
					</control>
					<control type="label">
						<description>Nombre</description>
						<posx>22</posx>
						<posy>5</posy>
						<width>33</width>
						<height>20</height>
						<label>$INFO[ListItem.Property(piloto)]</label>
						<font>font10</font>
						<align>left</align>
						<textcolor>red</textcolor>
						<shadowcolor>AA000000</shadowcolor>
					</control>
					<control type="label">
						<description>Lap</description>
						<posx>57</posx>
						<posy>5</posy>
						<width>30</width>
						<height>20</height>
						<label>$INFO[ListItem.Property(lap)]</label>
						<font>font10</font>
						<align>center</align>
						<textcolor>green</textcolor>
						<shadowcolor>AA000000</shadowcolor>
					</control>
					<control type="label">
						<description>Gap</description>
						<posx>89</posx>
						<posy>5</posy>
						<width>44</width>
						<height>20</height>
						<label>$INFO[ListItem.Property(gap)]</label>
						<font>font10</font>
						<align>right</align>
						<textcolor>olive</textcolor>
						<shadowcolor>AA000000</shadowcolor>
					</control>
					<control type="label">
						<description>Speed/Position/Points/Pits/Best</description>
						<posx>142</posx>
						<posy>5</posy>
						<width>65</width>
						<height>20</height>
						<label>$INFO[ListItem.Property(variable)]</label>
						<font>font10</font>
						<align>center</align>
						<textcolor>orange</textcolor>
						<shadowcolor>AA000000</shadowcolor>
					</control>
					<control type="image">
						<description>Background 1</description>
						<left>210</left>
						<top>5</top>
						<width>65</width>
						<height>20</height>
						<texture colordiffuse="red">$INFO[ListItem.Property(background1)]</texture>
					</control>
					<control type="image">
						<description>Background 2</description>
						<left>210</left>
						<top>5</top>
						<width>65</width>
						<height>20</height>
						<texture colordiffuse="green">$INFO[ListItem.Property(background2)]</texture>
					</control>
					<control type="image">
						<description>Background 3</description>
						<left>210</left>
						<top>5</top>
						<width>65</width>
						<height>20</height>
						<texture colordiffuse="orange">$INFO[ListItem.Property(background3)]</texture>
					</control>
					<control type="image">
						<description>Background 4</description>
						<left>210</left>
						<top>5</top>
						<width>65</width>
						<height>20</height>
						<texture colordiffuse="gray">$INFO[ListItem.Property(background4)]</texture>
					</control>
					<control type="label">
						<description>Laptime</description>
						<posx>210</posx>
						<posy>5</posy>
						<width>65</width>
						<height>20</height>
						<label>$INFO[ListItem.Property(laptime)]</label>
						<font>font10</font>
						<align>right</align>
						<textcolor>white</textcolor>
						<shadowcolor>AA000000</shadowcolor>
					</control>
					<control type="image">
						<description>Sector 1</description>
						<left>142</left>
						<top>7</top>
						<width>15</width>
						<height>15</height>
						<texture>$INFO[ListItem.Property(sector1)]</texture>
					</control>
					<control type="image">
						<description>Sector 2</description>
						<left>157</left>
						<top>7</top>
						<width>15</width>
						<height>15</height>
						<texture>$INFO[ListItem.Property(sector2)]</texture>
					</control>
					<control type="image">
						<description>Sector 3</description>
						<left>172</left>
						<top>7</top>
						<width>15</width>
						<height>15</height>
						<texture>$INFO[ListItem.Property(sector3)]</texture>
					</control>
					<control type="image">
						<description>Sector 4</description>
						<left>187</left>
						<top>7</top>
						<width>15</width>
						<height>15</height>
						<texture>$INFO[ListItem.Property(sector4)]</texture>
					</control>
					<control type="label">
						<description>Marca</description>
						<posx>140</posx>
						<posy>5</posy>
						<width>60</width>
						<height>20</height>
						<label>$INFO[ListItem.Property(team)]</label>
						<font>font10</font>
						<align>center</align>
						<textcolor>orange</textcolor>
						<shadowcolor>AA000000</shadowcolor>
					</control>
				</focusedlayout>
			</control>
			<control type="list" id="32509">
				<left>1000</left>
				<top>130</top>
				<width>400</width>
				<height>30</height>
				<itemlayout height="30" width="400">
					<control type="textbox">
						<description>Piloto</description>
						<posx>0</posx>
						<posy>5</posy>
						<width>55</width>
						<height>20</height>
						<label>#  Piloto</label>
						<font>font10</font>
						<align>left</align>
						<textcolor>selected</textcolor>
						<shadowcolor>AA000000</shadowcolor>
					</control>
					<control type="textbox">
						<description>Vuelta</description>
						<posx>52</posx>
						<posy>5</posy>
						<width>40</width>
						<height>20</height>
						<label>Lap</label>
						<font>font10</font>
						<align>center</align>
						<textcolor>selected</textcolor>
						<shadowcolor>AA000000</shadowcolor>
					</control>
					<control type="textbox">
						<description>GAP</description>
						<posx>95</posx>
						<posy>5</posy>
						<width>30</width>
						<height>20</height>
						<label>GAP</label>
						<font>font10</font>
						<align>center</align>
						<textcolor>selected</textcolor>
						<shadowcolor>AA000000</shadowcolor>
					</control>
					<control type="textbox">
						<description>Variable</description>
						<posx>144</posx>
						<posy>5</posy>
						<width>60</width>
						<height>20</height>
						<label>$INFO[ListItem.Label]</label>
						<font>font10</font>
						<align>center</align>
						<textcolor>selected</textcolor>
						<shadowcolor>AA000000</shadowcolor>
					</control>
					<control type="textbox">
						<description>Laptime</description>
						<posx>217</posx>
						<posy>5</posy>
						<width>50</width>
						<height>20</height>
						<label>Tiempo</label>
						<font>font10</font>
						<align>center</align>
						<textcolor>selected</textcolor>
						<shadowcolor>AA000000</shadowcolor>
					</control>
				</itemlayout>
				<focusedlayout height="30" width="400">
					<control type="textbox">
						<description>Piloto</description>
						<posx>0</posx>
						<posy>5</posy>
						<width>55</width>
						<height>20</height>
						<label>#  Piloto</label>
						<font>font10</font>
						<align>left</align>
						<textcolor>selected</textcolor>
						<shadowcolor>AA000000</shadowcolor>
					</control>
					<control type="textbox">
						<description>Vuelta</description>
						<posx>52</posx>
						<posy>5</posy>
						<width>40</width>
						<height>20</height>
						<label>Lap</label>
						<font>font10</font>
						<align>center</align>
						<textcolor>selected</textcolor>
						<shadowcolor>AA000000</shadowcolor>
					</control>
					<control type="textbox">
						<description>GAP</description>
						<posx>95</posx>
						<posy>5</posy>
						<width>30</width>
						<height>20</height>
						<label>GAP</label>
						<font>font10</font>
						<align>center</align>
						<textcolor>selected</textcolor>
						<shadowcolor>AA000000</shadowcolor>
					</control>
					<control type="textbox">
						<description>Variable</description>
						<posx>140</posx>
						<posy>5</posy>
						<width>60</width>
						<height>20</height>
						<label>$INFO[ListItem.Label]</label>
						<font>font10</font>
						<align>center</align>
						<textcolor>selected</textcolor>
						<shadowcolor>AA000000</shadowcolor>
					</control>
					<control type="textbox">
						<description>Laptime</description>
						<posx>217</posx>
						<posy>5</posy>
						<width>50</width>
						<height>20</height>
						<label>Tiempo</label>
						<font>font10</font>
						<align>center</align>
						<textcolor>selected</textcolor>
						<shadowcolor>AA000000</shadowcolor>
					</control>
				</focusedlayout>
			</control>
			<control type="image" id="32514">
				<left>1050</left>
				<top>466</top>
				<width>400</width>
				<height>130</height>
				<texture colordiffuse="black" border="2">MatchCenter/dialog-bg-solid.png</texture>
			</control>
			<control type="label" id="32515">
				<description>Nombre</description>
				<posx>1072</posx>
				<posy>468</posy>
				<width>200</width>
				<height>20</height>
				<font>font10</font>
				<align>center</align>
				<textcolor>gold</textcolor>
				<shadowcolor>AA000000</shadowcolor>
				<scroll>true</scroll>
			</control>
			<control type="image" id="32516">
				<left>1052</left>
				<top>493</top>
				<width>100</width>
				<height>70</height>
			</control>
			<control type="image" id="32517">
				<left>1162</left>
				<top>493</top>
				<width>120</width>
				<height>70</height>
			</control>
			<control type="label" id="32518">
				<description>Nacido</description>
				<posx>1072</posx>
				<posy>570</posy>
				<width>200</width>
				<height>20</height>
				<font>font10</font>
				<align>center</align>
				<textcolor>gold</textcolor>
				<shadowcolor>AA000000</shadowcolor>
				<scroll>true</scroll>
			</control>
		</control>
	</controls>
</window>
