<favourites>
    <favourite name="Collectie" thumb="special://home/addons/script.exodus.artwork/resources/media/exodus/trakt.png">ActivateWindow(10025,&quot;plugin://plugin.video.salts/?mode=show_collection&amp;section=Movies&quot;)</favourite>
    <favourite name="Bekeken Geschiedenis" thumb="special://home/addons/script.exodus.artwork/resources/media/exodus/channels.png">ActivateWindow(10025,&quot;plugin://plugin.video.salts/?mode=show_history&amp;section=Movies&quot;)</favourite>
    <favourite name="Abonnementen" thumb="special://home/addons/script.exodus.artwork/resources/media/exodus/movies.png">ActivateWindow(10025,&quot;plugin://plugin.video.salts/?mode=manage_subs&amp;section=Movies&quot;)</favourite>
    <favourite name="Aanbevolen Films" thumb="special://home/addons/script.exodus.artwork/resources/media/exodus/highly-rated.png">ActivateWindow(10025,&quot;plugin://plugin.video.salts/?mode=recommend&amp;section=Movies&quot;)</favourite>
    <favourite name="Mijn Lijsten" thumb="special://home/addons/script.exodus.artwork/resources/media/exodus/userlists.png">ActivateWindow(10025,&quot;plugin://plugin.video.salts/?mode=lists&amp;section=Movies&quot;)</favourite>
    <favourite name="Andere Lijsten" thumb="special://home/addons/script.exodus.artwork/resources/media/exodus/userlists.png">ActivateWindow(10025,&quot;plugin://plugin.video.salts/?mode=other_lists&amp;section=Movies&quot;)</favourite>
    <favourite name="Trakt koppelen met Salts" thumb="special://home/addons/plugin.video.afkmenu/logos/traktconnect.png">ActivateWindow(10025,&quot;plugin://plugin.video.salts/?mode=auth_trakt&quot;)</favourite>
</favourites>