<favourites>
    <favourite name="Aflevering Gemist" thumb="special://skin/logos/gemist.png">ActivateWindow(10025,&quot;plugin://net.rieter.xot/?action=listcategory&amp;category=National&quot;)</favourite>
    <favourite name="HD-Trailers" thumb="special://skin/logos/hdtrailer.png">ActivateWindow(10025,&quot;plugin://plugin.video.hdtrailers_net/&quot;)</favourite>
    <favourite name="YouTube" thumb="special://skin/logos/youtube.png">ActivateWindow(10025,&quot;plugin://plugin.video.youtube/&quot;)</favourite>
	<favourite name="Documentaires" thumb="special://skin/logos/docu.png">ActivateWindow(10025,&quot;plugin://plugin.video.DecadoDocs/&quot;)</favourite>
    <favourite name="Fitness" thumb="special://skin/logos/fitness.png">ActivateWindow(10025,&quot;plugin://plugin.video.phstreams/?action=directory&amp;content=0&amp;url=http%3a%2f%2fone242415.offshorepastebin.com%2ffitness%2ffitness_directory.xml&quot;)</favourite>
</favourites>
