<?xml version="1.0" encoding="UTF-8" standalone="yes"?>
<addon id="service.openelec.settings"
       name="OpenELEC Configuration"
       version="2.0.0"
       provider-name="OpenELEC">
   <requires>
   	<import addon="xbmc.python" version="2.1.0"/>
  </requires>
  <extension point="xbmc.python.script" library="default.py"></extension>
  <extension point="xbmc.service"       library="service.py" start="startup"></extension>
  <extension point="xbmc.addon.metadata">
    <summary lang="en">OpenELEC Configuration</summary>
    <description lang="en">Use this addon to manage your OpenELEC system's underlying operating system. From here you can manage the entire system so you don't have to worry about what runs under the hood.[CR][CR]From here you can change your network connectivity, your keyboard layout and language and enable/disable remote access including Samba and SSH.</description>
    <platform>all</platform>
  </extension>
</addon>
