<favourites>
    <favourite name="Lijst by Cerus" thumb="special://home/addons/plugin.video.afkmenu/logos/hd.png">ActivateWindow(10025,&quot;plugin://plugin.video.bennu/?action=directory&amp;content=0&amp;url=https%3a%2f%2fpastebin.com%2fraw%2fE5KWN2mL&amp;worker=0&quot;,return)</favourite>
    <favourite name="lijst by Taurus" thumb="special://home/addons/plugin.video.afkmenu/logos/4k.png">ActivateWindow(10025,&quot;plugin://plugin.video.bennu/?action=directory&amp;content=0&amp;url=https%3a%2f%2fpastebin.com%2fraw%2fMqMXZBqH&amp;worker=0&quot;,return)</favourite>
    <favourite name="Lijst by Supremacy" thumb="special://home/addons/plugin.video.afkmenu/logos/hd.png">ActivateWindow(10025,&quot;plugin://plugin.video.SkyNet/?fanart=http%3a%2f%2fmavericktv.net%2fdata%2fskynetbg.jpg&amp;iconimage=http%3a%2f%2fmavericktv.net%2fdata%2fskyiconmov.png&amp;mode=1&amp;name=%5bCOLOR%20white%5dSupremacy%20Movies%5b%2fCOLOR%5d&amp;url=http%3a%2f%2fstephen-builds.uk%2fsupremacy%2fMovies%2fmovies.txt&quot;,return)</favourite>
    <favourite name="lijst by Supremacy" thumb="special://home/addons/plugin.video.afkmenu/logos/4k.png">ActivateWindow(10025,&quot;plugin://plugin.video.SkyNet/?fanart=http%3a%2f%2fstephen-builds.uk%2fart%2f20839702_10207884860798337_363786087_o.jpg&amp;iconimage=http%3a%2f%2fstephen-builds.uk%2fart%2fo.png&amp;mode=1&amp;name=%5bCOLOR%20aqua%5d4K%20Movies%5b%2fCOLOR%5d&amp;url=http%3a%2f%2fstephen-builds.uk%2fsupremacy%2f4K%2520Movies%2f4K%2520Movies.txt&quot;,return)</favourite>
    <favourite name="Lijst by Maverick" thumb="special://home/addons/plugin.video.afkmenu/logos/hd.png">ActivateWindow(10025,&quot;plugin://plugin.video.SkyNet/?fanart=http%3a%2f%2fmavericktv.net%2fdata%2ffanart.jpg&amp;iconimage=http%3a%2f%2farmstrongeconomics-wp.s3.amazonaws.com%2f2016%2f01%2f2017-1.jpg&amp;mode=1&amp;name=%5bCOLOR%20lime%5d2017%20Movies%20-%20New%20Releases%5b%2fCOLOR%5d&amp;url=http%3a%2f%2fmavericktv.net%2fdata%2fmovies%2f2017.xml&quot;,return)</favourite>
    <favourite name="Lijst by Maverick" thumb="special://home/addons/plugin.video.afkmenu/logos/4k.png">ActivateWindow(10025,&quot;plugin://plugin.video.SkyNet/?fanart=https%3a%2f%2fi.imgur.com%2fhx2pcsb.jpg&amp;iconimage=http%3a%2f%2fmavericktv.net%2fdata%2ficons%2f4k.jpg&amp;mode=1&amp;name=%5bCOLOR%20lime%5d%5bB%5dMaverick%204K%20UHD%20Movies%5b%2fB%5d%5b%2fCOLOR%5d&amp;url=http%3a%2f%2fmavericktv.net%2fdata%2fmovies%2fuhd.xml&quot;,return)</favourite>
    <favourite name="Lijst by UKTurk" thumb="special://home/addons/plugin.video.afkmenu/logos/hd.png">ActivateWindow(10025,&quot;plugin://plugin.video.ukturk/?description&amp;fanart=%2fstorage%2f.kodi%2faddons%2fplugin.video.ukturk%2ffanart.jpg&amp;iconimage=http%3a%2f%2faddoncloud.org%2fukturk%2fUKTurk%2fmovies%2fthumbs%2fUk%2520turk%2520thumbnails%2520new%2520movies.jpg&amp;mode=1&amp;name=New%20Movies&amp;url=http%3a%2f%2faddoncloud.org%2fukturk%2fUKTurk%2fmovies%2fNew%2520Movies.txt&quot;,return)</favourite>
    <favourite name="Lijst by UKTurk" thumb="special://home/addons/plugin.video.afkmenu/logos/4k.png">ActivateWindow(10025,&quot;plugin://plugin.video.ukturk/?description&amp;fanart=%2fstorage%2f.kodi%2faddons%2fplugin.video.ukturk%2ffanart.jpg&amp;iconimage=http%3a%2f%2faddoncloud.org%2fukturk%2fUKTurk%2fmovies%2fthumbs%2fUk%2520turk%2520thumbnails%25203d%2520movies.jpg&amp;mode=1&amp;name=3D%20%26%204K%20Movies&amp;url=http%3a%2f%2faddoncloud.org%2fukturk%2fUKTurk%2fmovies%2f3D.txt&quot&amp;sf_options=winID%3D10025%26desc%3D4k+films+onderaan+in+de+lijst%26_options_sf&quot;,return)</favourite>
    <favourite name="Lijst by Subzero" thumb="special://home/addons/plugin.video.afkmenu/logos/hd.png">ActivateWindow(10025,&quot;plugin://plugin.video.subzero/?fanart&amp;mode=1&amp;name=%5bCOLOR%20aqua%5d%5bB%5dMovie%20Collection%5b%2fB%5d%5b%2fCOLOR%5d&amp;url=https%3a%2f%2fmysubzero.space%2fsubzero%2fmovies.xml&quot;,return)</favourite>
    <favourite name="">noop</favourite>
    <favourite name="Lijst by Spartacus" thumb="special://home/addons/plugin.video.afkmenu/logos/hd.png">ActivateWindow(10025,&quot;plugin://plugin.video.bennu/?action=directory&amp;content=0&amp;url=https%3a%2f%2fpastebin.com%2fraw%2f4vu4VQYi&amp;sf_options=winID%3D10025%26desc%3DReal-Debrid+nodig%26_options_sf&quot;,return)</favourite>
    <favourite name="Disney Collection by Spartacus" thumb="special://home/addons/plugin.video.afkmenu/logos/hd.png">ActivateWindow(10025,&quot;plugin://plugin.video.bennu/?action=directory&amp;content=0&amp;url=https%3a%2f%2fpastebin.com%2fraw%2fDdWUbm9g&amp;sf_options=winID%3D10025%26desc%3DReal-Debrid+nodig%26_options_sf&quot;,return)</favourite>
</favourites>