<?xml version='1.0' encoding='UTF-8'?>
<shortcuts>
	<shortcut>
		<defaultID />
		<label>IPTV PVR</label>
		<label2>Algemene snelkoppeling</label2>
		<icon>special://skin/extras/icons/livetv.png</icon>
		<thumb />
		<action>ActivateWindow(TVChannels)</action>
	</shortcut>
		<shortcut>
		<defaultID />
		<label>AFK IPTV</label>
		<label2>Algemene snelkoppeling</label2>
		<icon>special://skin/extras/icons/livetv.png</icon>
		<thumb />
		<action>ActivateWindow(10025,&quot;plugin://plugin.video.afkiptv/&quot;,return)</action>
	</shortcut>
	<shortcut>
		<defaultID />
		<label>IPTV M3U Lists</label>
		<label2>Algemene snelkoppeling</label2>
		<icon>special://skin/extras/icons/livetv.png</icon>
		<thumb />
		<action>ActivateWindow(10025,&quot;plugin://plugin.video.playlistLoader/&quot;,return)</action>
	</shortcut>
</shortcuts>
