<?xml version='1.0' encoding='UTF-8'?>
<shortcuts>
	<shortcut>
		<defaultID />
		<label>On-Demand</label>
		<label2>Programma</label2>
		<icon>DefaultShortcut.png</icon>
		<thumb>special://skin/extras/icons/director.png</thumb>
		<action>ActivateWindow(VideoLibrary,"plugin://plugin.program.super.favourites/?label=Muziek&amp;mode=400&amp;path=special%3A%2F%2Fhome%2Faddons%2Fplugin.video.afkmenu%2Fmenu%5CSuper+Favourites%5COn-Demand",return)</action>
	</shortcut>
	<shortcut>
		<defaultID />
		<label>Live Streams</label>
		<label2>Programma</label2>
		<icon>DefaultShortcut.png</icon>
		<thumb>special://skin/extras/icons/tv.png</thumb>
		<action>ActivateWindow(VideoLibrary,"plugin://plugin.program.super.favourites/?label=Muziek&amp;mode=400&amp;path=special%3A%2F%2Fhome%2Faddons%2Fplugin.video.afkmenu%2Fmenu%5CSuper+Favourites%5CKanalen",return)</action>
	</shortcut>
	<shortcut>
		<defaultID />
		<label>Sports</label>
		<label2>Programma</label2>
		<icon>DefaultShortcut.png</icon>
		<thumb>special://skin/extras/icons/run.png</thumb>
		<action>ActivateWindow(VideoLibrary,"plugin://plugin.program.super.favourites/?label=Muziek&amp;mode=400&amp;path=special%3A%2F%2Fhome%2Faddons%2Fplugin.video.afkmenu%2Fmenu%5CSuper+Favourites%5CSports",return)</action>
	</shortcut>
	<shortcut>
		<defaultID />
		<label>Muziek</label>
		<label2>Programma</label2>
		<icon>DefaultShortcut.png</icon>
		<thumb>special://skin/extras/icons/songs.png</thumb>
		<action>ActivateWindow(VideoLibrary,"plugin://plugin.program.super.favourites/?label=Muziek&amp;mode=400&amp;path=special%3A%2F%2Fhome%2Faddons%2Fplugin.video.afkmenu%2Fmenu%5CSuper+Favourites%5CMuziek",return)</action>
	</shortcut>
	<shortcut>
		<defaultID />
		<label>Extra</label>
		<label2>Programma</label2>
		<icon>DefaultShortcut.png</icon>
		<thumb>special://skin/extras/icons/title.png</thumb>
		<action>ActivateWindow(VideoLibrary,"plugin://plugin.program.super.favourites/?label=Bestandsbeheer&amp;mode=400&amp;path=special%3A%2F%2Fhome%2Faddons%2Fplugin.video.afkmenu%2Fmenu%5CSuper+Favourites%5CExtra",return)</action>
	</shortcut>
	<shortcut>
		<defaultID>instellingen</defaultID>
		<label>Menu</label>
		<label2>Aangepaste snelkoppeling</label2>
		<icon>DefaultShortcut.png</icon>
		<thumb>special://skin/extras/icons/addons.png</thumb>
		<action>ActivateWindow(shutdownmenu)</action>
	</shortcut>
</shortcuts>
