<favourites>
   <favourite name="Aanbevolen Films" thumb="special://home/addons/plugin.video.afkmenu/logos/exodus.png">ActivateWindow(10025,&quot;plugin://plugin.video.exodus/?action=movies&amp;url=trending&amp;sf_options=winID%3D10025%26desc%3DLaaste+nieuwe+Films+toegevoegd+aan+Exodus%26_options_sf&quot;)</favourite>
   <favourite name="Trakt" thumb="special://home/addons/plugin.video.afkmenu/logos/exodustrakt.png">ActivateWindow(10025,&quot;plugin://plugin.program.super.favourites/?label=TraktExodus&amp;mode=400&amp;path=special%3A%2F%2Fhome%2Faddons%2Fplugin.video.afkmenu%2Fmenu%5CSuper+Favourites%5Cmappen%5Ctraktexodus&amp;sf_options=winID%3D10025%26desc%3DExodus%26_options_sf&quot;)</favourite>
   <favourite name="Meer Exodus" thumb="special://home/addons/plugin.video.afkmenu/logos/exodus.png">ActivateWindow(10025,&quot;plugin://plugin.program.super.favourites/?label=Exodus&amp;mode=400&amp;path=special%3A%2F%2Fhome%2Faddons%2Fplugin.video.afkmenu%2Fmenu%5CSuper+Favourites%5Cmappen%5Cexodus&amp;sf_options=winID%3D10025%26desc%3DExodus+menu%26_options_sf&quot;)</favourite>
   <favourite name="Trakt" thumb="special://home/addons/plugin.video.afkmenu/logos/spectotrakt.png">ActivateWindow(10025,&quot;plugin://plugin.program.super.favourites/?label=TraktSpecto&amp;mode=400&amp;path=special%3A%2F%2Fhome%2Faddons%2Fplugin.video.afkmenu%2Fmenu%5CSuper+Favourites%5Cmappen%5Ctraktspecto&amp;sf_options=winID%3D10025%26desc%3DSpecto%26_options_sf&quot;)</favourite>
   <favourite name="Aanbevolen Films" thumb="special://home/addons/plugin.video.afkmenu/logos/specto.png">ActivateWindow(10025,&quot;plugin://plugin.video.specto/?action=movies&amp;url=trending&amp;sf_options=winID%3D10025%26desc%3DLaaste+nieuwe+Films+toegevoegd+aan+Specto%26_options_sf&quot;)</favourite>
   <favourite name="Trakt" thumb="special://home/addons/plugin.video.afkmenu/logos/saltstrakt.png">ActivateWindow(10025,&quot;plugin://plugin.program.super.favourites/?label=TraktSalts&amp;mode=400&amp;path=special%3A%2F%2Fhome%2Faddons%2Fplugin.video.afkmenu%2Fmenu%5CSuper+Favourites%5Cmappen%5Ctraktsalts&amp;sf_options=winID%3D10025%26desc%3DStream+all+the+Sources%26_options_sf&quot;)</favourite>
   <favourite name="Meer Specto" thumb="special://home/addons/plugin.video.afkmenu/logos/specto.png">ActivateWindow(10025,&quot;plugin://plugin.program.super.favourites/?label=Specto&amp;mode=400&amp;path=special%3A%2F%2Fhome%2Faddons%2Fplugin.video.afkmenu%2Fmenu%5CSuper+Favourites%5Cmappen%5Cspecto&amp;sf_options=winID%3D10025%26desc%3DSpecto+menu%26_options_sf&quot;)</favourite>
   <favourite name="HD Collecties" thumb="special://home/addons/plugin.video.afkmenu/logos/hdcollecties.png">ActivateWindow(10025,&quot;plugin://plugin.program.super.favourites/?label=HD-Collectie&amp;mode=400&amp;path=special%3A%2F%2Fhome%2Faddons%2Fplugin.video.afkmenu%2Fmenu%5CSuper+Favourites%5Cmappen%5Chdcollecties&amp;sf_options=winID%3D10025%26desc%3DDiverse+HD+Collecties%26_options_sf&quot;)</favourite>
   <favourite name="Aanbevolen Films" thumb="special://home/addons/plugin.video.afkmenu/logos/salts.png">ActivateWindow(10025,&quot;plugin://plugin.video.salts/?mode=trending&amp;section=Movies&amp;sf_options=winID%3D10025%26desc%3DLaaste+nieuwe+Films+toegevoegd+aan+Stream+all+the+Sources%26_options_sf&quot;)</favourite>
   <favourite name="3D Films" thumb="special://skin/logos/3D.png">ActivateWindow(10025,&quot;plugin://plugin.video.phstreams/?action=directory&amp;content=0&amp;url=http%3a%2f%2falphareborn.offshorepastebin.com%2farb%2falphamovies%2f3Dmovies.xml&amp;sf_options=winID%3D10025%26desc%3DDiverse+3D+Films+(Side+By+Side)%26_options_sf&quot;)</favourite>
   <favourite name="Meer Salts" thumb="special://home/addons/plugin.video.afkmenu/logos/salts.png">ActivateWindow(10025,&quot;plugin://plugin.program.super.favourites/?label=Salts&amp;mode=400&amp;path=special%3A%2F%2Fhome%2Faddons%2Fplugin.video.afkmenu%2Fmenu%5CSuper+Favourites%5Cmappen%5Csalts&amp;sf_options=winID%3D10025%26desc%3DStream+all+the+Sources+menu%26_options_sf&quot;)</favourite>
   <favourite name="Nederlands Gesproken" thumb="special://home/addons/plugin.video.nlplks/logos/icon.png">ActivateWindow(10025,&quot;plugin://plugin.program.super.favourites/?label=Salts&amp;mode=400&amp;path=special%3A%2F%2Fhome%2Faddons%2Fplugin.video.afkmenu%2Fmenu%5CSuper+Favourites%5Cmappen%5Cdutch&amp;sf_options=winID%3D10025%26desc%3DEnkele+NL+gesproken+films%26_options_sf&quot;)</favourite>
</favourites>