<favourites>
    <favourite name="4K list 1" thumb="http://lofrev.net/wp-content/photos/2017/03/4k_ultra_hd_logo.jpg">ActivateWindow(10025,&quot;plugin://plugin.video.SkyNet/?fanart=http%3a%2f%2fsilenthunter.srve.io%2f%2fmain%2f4kbackground.jpg&amp;iconimage=https%3a%2f%2farchive.org%2fdownload%2fmammothbuild_gmail_4k%2f4k.png&amp;mode=1&amp;name=%5bCOLOR%20white%5d4K%5b%2fCOLOR%5d&amp;url=http%3a%2f%2fsilenthunter.srve.io%2fmain%2f4k.xml&quot;)</favourite>
    <favourite name="4K list 2" thumb="http://lofrev.net/wp-content/photos/2017/03/4k_ultra_hd_logo.jpg">ActivateWindow(10025,&quot;plugin://plugin.video.SkyNet/?fanart=http%3a%2f%2fmaverickrepo.net%2fdata%2ffanart.jpg&amp;iconimage=https%3a%2f%2fwww.rapidtvnews.com%2fimages%2f4k-ultra-hd-logo.jpg&amp;mode=1&amp;name=%5bCOLOR%20lime%5d4K%20UHD%20Movies%5b%2fCOLOR%5d&amp;url=http%3a%2f%2fmaverickrepo.net%2fdata%2fmovies%2fuhd.xml&quot;)</favourite>
    <favourite name="Planet Earth 4K" thumb="http://lofrev.net/wp-content/photos/2017/03/4k_ultra_hd_logo.jpg">ActivateWindow(10025,&quot;plugin://plugin.video.SkyNet/?fanart=https%3a%2f%2fpsarips.com%2fwp-content%2fuploads%2f2016%2f11%2fplanet-earth-the-second.jpg&amp;iconimage=https%3a%2f%2farchive.org%2fdownload%2fPlanetEarth_201701%2fplanet%2520earth.png&amp;mode=1&amp;name=%5bCOLOR%20white%5dPlanet%20Earth%204K%20HDR%5b%2fCOLOR%5d&amp;url=http%3a%2f%2fsilenthunter.srve.io%2fmain%2fplanetearth.xml&quot;)</favourite>
    <favourite name="">noop</favourite>
    <favourite name="4K Films" thumb="http://lofrev.net/wp-content/photos/2017/03/4k_ultra_hd_logo.jpg">ActivateWindow(10025,&quot;plugin://plugin.video.Drstream/?action=directory&amp;content=addons&amp;url=https%3a%2f%2fpastebin.com%2fraw%2f56yEQi8a&quot;,return)</favourite>
    <favourite name="4K Series" thumb="http://lofrev.net/wp-content/photos/2017/03/4k_ultra_hd_logo.jpg">ActivateWindow(10025,&quot;plugin://plugin.video.Drstream/?action=directory&amp;content=addons&amp;url=https%3a%2f%2fpastebin.com%2fraw%2fnjM16Sc0&quot;,return)</favourite>
    <favourite name="DTS Films (2017)" thumb="http://logosolusa.com/wp-content/uploads/parser/DTS-Logo-1.png">ActivateWindow(10025,&quot;plugin://plugin.video.Drstream/?action=directory&amp;content=addons&amp;url=https%3a%2f%2fpastebin.com%2fraw%2fQBp0V6sd&quot;,return)</favourite>
    <favourite name="3D DTS Films" thumb="http://logosolusa.com/wp-content/uploads/parser/DTS-Logo-1.png">ActivateWindow(10025,&quot;plugin://plugin.video.Drstream/?action=directory&amp;content=addons&amp;url=https%3a%2f%2fpastebin.com%2fraw%2fqPn2URTB&quot;,return)</favourite>
    <favourite name="DTS Films (2016)" thumb="http://logosolusa.com/wp-content/uploads/parser/DTS-Logo-1.png">ActivateWindow(10025,&quot;plugin://plugin.video.Drstream/?action=directory&amp;content=addons&amp;url=https%3a%2f%2fpastebin.com%2fraw%2fj2TVuE9R&quot;,return)</favourite>
    <favourite name="3D &amp; 4K Films" thumb="http://logosolusa.com/wp-content/uploads/parser/DTS-Logo-1.png">ActivateWindow(10025,&quot;plugin://plugin.video.ukturk/?description&amp;fanart=%2fstorage%2f.kodi%2faddons%2fplugin.video.ukturk%2ffanart.jpg&amp;iconimage=http%3a%2f%2fmatsbuilds.uk%2fturk%2fUKTurk%2fmovies%2fthumbs%2fUk%2520turk%2520thumbnails%25203d%2520movies.jpg&amp;mode=1&amp;name=3D%20%26%204K%20Movies&amp;url=http%3a%2f%2fmatsbuilds.uk%2fturk%2fUKTurk%2fmovies%2f3D.txt&quot;)</favourite>
    <favourite name="DTS Films (2015)" thumb="http://logosolusa.com/wp-content/uploads/parser/DTS-Logo-1.png">ActivateWindow(10025,&quot;plugin://plugin.video.Drstream/?action=directory&amp;content=addons&amp;url=https%3a%2f%2fpastebin.com%2fraw%2fahazJBkm&quot;,return)</favourite>
    <favourite name="Real Debrid Koppelen" thumb="https://pbs.twimg.com/profile_images/667374802194137088/CrbDkDBt_400x400.png">RunPlugin(plugin://script.module.urlresolver/?mode=auth_rd)</favourite>
</favourites>