<?xml version="1.0" ?>
<server>
	<active>true</active>
	<version>2</version>
	<changes>
		<change>
			<date>05/03/2017</date>
			<autor>Cmos</autor>
			<description>Corregido por cambios en el servidor</description>
		</change>
		<change>
			<date>03/04/2016</date>
			<autor>supkk</autor>
			<description>Versión inicial</description>
		</change>
	</changes>

	<free>true</free>
	<id>cloudy</id>
	<name>cloudy</name>
	<premium></premium>
	<thumbnail>http://media.tvalacarta.info/servers/server_cloudy.png</thumbnail>
	<update_url>https://raw.githubusercontent.com/tvalacarta/pelisalacarta/master/python/main-classic/servers/</update_url>
</server>
