<favourites>
	<favourite name="Aanbevolen" thumb="special://home/addons/script.exodus.artwork/resources/media/exodus/highly-rated.png">ActivateWindow(10025,&quot;plugin://plugin.video.covenant/?action=tvshows&amp;url=trending&quot;,return)</favourite>
    <favourite name="Zoeken" thumb="special://home/addons/script.exodus.artwork/resources/media/exodus/search.png">ActivateWindow(10025,&quot;plugin://plugin.video.covenant/?action=tvSearch&quot;,return)</favourite>
    <favourite name="Populair" thumb="special://home/addons/script.exodus.artwork/resources/media/exodus/most-popular.png">ActivateWindow(10025,&quot;plugin://plugin.video.covenant/?action=tvshows&amp;url=popular&quot;,return)</favourite>
    <favourite name="Zoeken op Genres" thumb="special://home/addons/script.exodus.artwork/resources/media/exodus/genres.png">ActivateWindow(10025,&quot;plugin://plugin.video.covenant/?action=tvGenres&quot;,return)</favourite>
    <favourite name="Hoogste Kijkcijfers" thumb="special://home/addons/script.exodus.artwork/resources/media/exodus/featured.png">ActivateWindow(10025,&quot;plugin://plugin.video.covenant/?action=tvshows&amp;url=rating&quot;,return)</favourite>
    <favourite name="Zoek Acteurs" thumb="special://home/addons/script.exodus.artwork/resources/media/exodus/people-search.png">ActivateWindow(10025,&quot;plugin://plugin.video.covenant/?action=tvPerson&quot;,return)</favourite>
    <favourite name="Meest Bekeken" thumb="special://home/addons/script.exodus.artwork/resources/media/exodus/people-watching.png">ActivateWindow(10025,&quot;plugin://plugin.video.covenant/?action=tvshows&amp;url=views&quot;,return)</favourite>
    <favourite name="Kalender" thumb="special://home/addons/script.exodus.artwork/resources/media/exodus/calendar.png">ActivateWindow(10025,&quot;plugin://plugin.video.covenant/?action=calendars&quot;,return)</favourite>
    <favourite name="Nieuwe Series" thumb="special://home/addons/script.exodus.artwork/resources/media/exodus/new-tvshows.png">ActivateWindow(10025,&quot;plugin://plugin.video.covenant/?action=tvshows&amp;url=premiere&quot;,return)</favourite>
    <favourite name="Kijkwijzer" thumb="special://home/addons/script.exodus.artwork/resources/media/exodus/certificates.png">ActivateWindow(10025,&quot;plugin://plugin.video.covenant/?action=tvCertificates&quot;,return)</favourite>
</favourites>