<favourites>
    <favourite name="Collectie" thumb="special://home/addons/script.exodus.artwork/resources/media/exodus/trakt.png">ActivateWindow(10025,&quot;plugin://plugin.video.covenant/?action=tvshows&amp;url=traktcollection&quot;)</favourite>
    <favourite name="Serie Lijst" thumb="special://home/addons/script.exodus.artwork/resources/media/exodus/userlists.png">ActivateWindow(10025,&quot;plugin://plugin.video.covenant/?action=tvUserlists&quot;)</favourite>
    <favourite name="Aanbevolen Series" thumb="special://home/addons/script.exodus.artwork/resources/media/exodus/highly-rated.png">ActivateWindow(10025,&quot;plugin://plugin.video.covenant/?action=tvshows&amp;url=traktfeatured&quot;)</favourite>
    <favourite name="Volglijst" thumb="special://home/addons/script.exodus.artwork/resources/media/exodus/trakt.png">ActivateWindow(10025,&quot;plugin://plugin.video.covenant/?action=tvshows&amp;url=traktwatchlist&quot;)</favourite>
    <favourite name="Ontdekken" thumb="special://home/addons/script.exodus.artwork/resources/media/exodus/movies.png">ActivateWindow(10025,&quot;plugin://plugin.video.covenant/?action=tvliteNavigator&quot;)</favourite>
    <favourite name="Trakt koppelen met Covenant" thumb="special://home/addons/plugin.video.afkmenu/logos/traktconnect.png">RunPlugin(plugin://plugin.video.covenant/?action=authTrakt)</favourite>
</favourites>