<favourites>
	<favourite name="Darts Streams (FirstRowSports)" thumb="special://skin/logos/darts.png">ActivateWindow(10025,&quot;plugin://plugin.video.SportsDevil/?item=title%3dDarts%26url%3dhttp%253A%252F%252Fwww.nowfeed2all.eu%252Ftype%252Fdarts.html%26cfg%3dfirstrowsports.eu.links.cfg%26definedIn%3dlivesports%252Ffirstrowsports.eu.cfg%26director%3dFirstRowSports.eu%26genre%3dLive%2bSports%26type%3drss%26icon%3d%252Fstorage%252F.kodi%252Faddons%252Fplugin.video.SportsDevil%252Fresources%252Fimages%252Fsports%252FDarts.png&amp;mode=1&quot;)</favourite>
    <favourite name="Darts Streams (Dimsports.eu)" thumb="special://skin/logos/darts.png">ActivateWindow(10025,&quot;plugin://plugin.video.SportsDevil/?item=title%3dDarts%26url%3dhttp%253A%252F%252Fwww.idimsports.eu%252Fdarts.html%26cfg%3ddimsports.eu.links.cfg%26definedIn%3dlivesports%252Fdimsports.eu.cfg%26director%3ddimsports.eu%26genre%3dLive%2bSports%26type%3drss%26icon%3d%252Fstorage%252F.kodi%252Faddons%252Fplugin.video.SportsDevil%252Fresources%252Fimages%252Fsports%252FDarts.png&amp;mode=1&quot;)</favourite>
    <favourite name="ZemTV (vind hier uw Setanta kanalen)" thumb="http://showsport-tv.com/images/channel/setanta.png">ActivateWindow(10025,&quot;plugin://plugin.video.ZemTV-shani/?mode=13&amp;name=Sports&amp;url=Live&quot;)</favourite>
	<favourite name="Darts terugkijken" thumb="special://skin/logos/darts.png">ActivateWindow(10025,&quot;plugin://plugin.video.renegadesdarts/&quot;)</favourite>
</favourites>