<favourites>
	<favourite name="Sport Stream Tips" thumb="special://skin/logos/sports.jpg">ActivateWindow(10025,&quot;plugin://plugin.program.super.favourites/?label=Salts&amp;mode=400&amp;path=special%3A%2F%2Fhome%2Faddons%2Fplugin.video.afkmenu%2Fmenu%5CSuper+Favourites%5Cmappen%5Csportstreamtips&amp;sf_options=winID%3D10025%26desc%3DAlleFilmsKijken.com/sporttips+voor+meer+info%26_options_sf&quot;)</favourite>
    <favourite name="Meer Sport Streamers" thumb="special://skin/logos/sports.jpg">ActivateWindow(10025,&quot;plugin://plugin.video.SportsDevil/?item=title%3dLive%2bSports%26url%3dlivesports.cfg%26definedIn%3dmainMenu.cfg%26director%3dSportsDevil%26genre%3dLive%2bSports%26type%3drss&amp;mode=1&quot;)</favourite>
	<favourite name="Meer Sport Kanalen " thumb="special://skin/logos/sports.jpg">ActivateWindow(10025,&quot;plugin://plugin.video.ZemTV-shani/?mode=13&amp;name=Sports&amp;url=Live&quot;)</favourite>
	<favourite name="UK & US Sports" thumb="special://skin/logos/sports.jpg">ActivateWindow(10025,&quot;plugin://plugin.video.ukturk/?description&amp;fanart=%2fstorage%2f.kodi%2faddons%2fplugin.video.ukturk%2ffanart.jpg&amp;iconimage=http%3a%2f%2fmatsbuilds.uk%2fturk%2fUKTurk%2fthumbs%2fnew%2fUk%2520turk%2520thumbnails%2520sports.jpg&amp;mode=1&amp;name=Sports&amp;url=http%3a%2f%2fmatsbuilds.uk%2fturk%2fUKTurk%2fSportsList.txt&quot;)</favourite>
    <favourite name="Darts" thumb="special://skin/logos/darts.png">ActivateWindow(10025,&quot;plugin://plugin.program.super.favourites/?label=Darts&amp;mode=400&amp;path=special%3A%2F%2Fhome%2Faddons%2Fplugin.video.afkmenu%2Fmenu%5CSuper+Favourites%5Cmappen%5Cdarts&amp;&quot;)</favourite>
	<favourite name="Sport Addons" thumb="special://skin/logos/categorie.png">ActivateWindow(10025,&quot;plugin://plugin.program.super.favourites/?label=SportsAddons&amp;mode=400&amp;path=special%3A%2F%2Fhome%2Faddons%2Fplugin.video.afkmenu%2Fmenu%5CSuper+Favourites%5Cmappen%5Csportsaddons&amp;&quot;)</favourite>
	<favourite name="Herhalingen" thumb="special://skin/logos/replay.png">ActivateWindow(10025,&quot;plugin://plugin.video.football.today/&quot;)</favourite>
	<favourite name="Sports Illustrated" thumb="special://skin/logos/si.png">ActivateWindow(10025,&quot;plugin://plugin.video.si/&quot;)</favourite>
	<favourite name="NBA On-Demand" thumb="special://skin/logos/nba.png">ActivateWindow(10025,&quot;plugin://plugin.video.nbafullgames/&quot;)</favourite>
	<favourite name="NHL On-Demand" thumb="special://skin/logos/nhl.png">ActivateWindow(10025,&quot;plugin://plugin.video.nhlondemand/&quot;)</favourite>
	<favourite name="Extreme Sports" thumb="special://home/addons/plugin.video.extreme.com/icon.png">ActivateWindow(10025,&quot;plugin://plugin.video.extreme.com/&quot;)</favourite>
	<favourite name="UFC Finest" thumb="special://home/addons/plugin.video.ufc-finest/icon.png">ActivateWindow(10025,&quot;plugin://plugin.video.ufc-finest/&quot;)</favourite>
    <favourite name="Watch Wrestling" thumb="special://skin/logos/watchwrest.png">ActivateWindow(10025,&quot;plugin://plugin.video.watchwrestling/&quot;)</favourite>
	<favourite name="WWE Online" thumb="special://home/addons/plugin.video.wweonline/icon.png">ActivateWindow(10025,&quot;plugin://plugin.video.wweonline/&quot;)</favourite>
</favourites>