<favourites>
    <favourite name="Populair" thumb="special://home/addons/script.exodus.artwork/resources/media/exodus/featured.png">ActivateWindow(10025,&quot;plugin://plugin.video.specto/?action=movies&amp;url=trending&quot;)</favourite>
    <favourite name="Zoeken" thumb="special://home/addons/script.exodus.artwork/resources/media/exodus/search.png">ActivateWindow(10025,&quot;plugin://plugin.video.specto/?action=movieSearch&quot;)</favourite>
    <favourite name="Meest Opgebracht" thumb="special://home/addons/script.exodus.artwork/resources/media/exodus/box-office.png">ActivateWindow(10025,&quot;plugin://plugin.video.specto/?action=movies&amp;url=boxoffice&quot;)</favourite>
    <favourite name="Zoeken op Genres" thumb="special://home/addons/script.exodus.artwork/resources/media/exodus/genres.png">ActivateWindow(10025,&quot;plugin://plugin.video.specto/?action=movieGenres&quot;)</favourite>
    <favourite name="Oscar Winnaars" thumb="special://home/addons/script.exodus.artwork/resources/media/exodus/oscar-winners.png">ActivateWindow(10025,&quot;plugin://plugin.video.specto/?action=movies&amp;url=oscars&quot;)</favourite>
    <favourite name="Zoeken op Jaren" thumb="special://home/addons/script.exodus.artwork/resources/media/exodus/years.png">ActivateWindow(10025,&quot;plugin://plugin.video.specto/?action=movieYears&quot;)</favourite>
    <favourite name="Meest Bekeken" thumb="special://home/addons/script.exodus.artwork/resources/media/exodus/people-watching.png">ActivateWindow(10025,&quot;plugin://plugin.video.specto/?action=movies&amp;url=views&quot;)</favourite>
    <favourite name="Zoek Acteurs" thumb="special://home/addons/script.exodus.artwork/resources/media/exodus/people-search.png">ActivateWindow(10025,&quot;plugin://plugin.video.specto/?action=moviePerson&quot;)</favourite>
    <favourite name="Favorieten" thumb="special://home/addons/script.exodus.artwork/resources/media/exodus/userlists.png">ActivateWindow(10025,&quot;plugin://plugin.video.specto/?action=movieFavourites&amp;sf_options=winID%3D10025%26desc%3D!+Lokale+favorieten+niet+opgeslagen+in+trakt+!%26_options_sf&quot;)</favourite>
</favourites>