<?xml version="1.0" encoding="UTF-8" standalone="yes"?>
<addon id="script.speedtestnet"
       name="AFK Box Speed Tester"
       version="1.0.0"
       provider-name="Josh.5 / AFK">
  <requires>
    <import addon="xbmc.python" version="2.1.0"/>
  </requires>
  <extension point="xbmc.python.script"
             library="default.py">
        <provides>executable</provides>
  </extension>
  <extension point="xbmc.addon.metadata">
    <summary lang="en">AFK Box Speed Tester</summary>
    <description lang="en">AFK Box Speed Tester powered by speedtest.net will give you accurate Internet speed/ping test results. \n Brought to you by http://www.allefilmskijken.com</description>
    <platform>all</platform>
  </extension>
</addon>
