<?xml version="1.0" encoding="UTF-8"?>
<!-- Foundation -->
<window id="101">
    <defaultcontrol always="true">10</defaultcontrol>
    <allowoverlay>no</allowoverlay>
    <controls>

        <include>GlobalOverlay</include>

        <control type="group">
        <centerleft>50%</centerleft>
        <posy>360</posy>
        <width>900</width>
        <include>Animation.FadeIn.Slide</include>
        <control type="image">
            <posx>-30</posx>
            <posy>-30</posy>
            <width>960</width>
            <height>444</height>
            <texture border="16" colordiffuse="White100">common/rounded-shadow8.png</texture>
        </control>

        <control type="image">
            <left>-46</left>
            <right>-46</right>
            <top>-46</top>
            <height>476</height>
            <bordertexture border="32">common/shadow-24.png</bordertexture>
            <bordersize>24</bordersize>
            <texture colordiffuse="White100" border="16">common/box.png</texture>
        </control>

        <control type="textbox" id="9">
            <description>Line 1</description>
            <left>15</left>
            <right>15</right>
            <posy>108</posy>
            <height>300</height>
        </control>
            <control type="button" id="10">
                <description>Cancel</description>
                <right>15</right>
                <posy>285</posy>
                <width>270</width>
                <label>106</label>
                <onleft>11</onleft>
                <onright>11</onright>
                <onup>10</onup>
                <ondown>10</ondown>
                <font>Button</font>
                <texturefocus colordiffuse="$VAR[ColorHighlight]" border="5">common/box.png</texturefocus>
                <texturenofocus colordiffuse="Black12" border="5">common/box.png</texturenofocus>
            </control>
            <control type="progress">
                <description>Progressbar</description>
                <left>15</left>
                <right>15</right>
                <posy>225</posy>
                <height>27</height>
                <info>System.Progressbar</info>
                <texturebg colordiffuse="Black12">osd/progress-bg.png</texturebg>
            </control>

        </control>

    </controls>

</window>
