<window>
    <defaultcontrol>30</defaultcontrol>
    <allowoverlay>yes</allowoverlay>
    <defaultcontrol always="true">9101</defaultcontrol>

    <controls>
        <include>GlobalBackground</include>
        <include>Furniture_NowPlaying</include>
        <include>Furniture_Clock</include>
        <include>Furniture_Weather</include>
        <control type="group">
            <include>Animation.Common</include>
            <left>72</left>
            <right>72</right>
            <top>60</top>
            <height>810</height>

            <control type="image">
                <width>100%</width>
                <height>100%</height>
                <texture border="16" colordiffuse="Panel">common/rounded-shadow8.png</texture>
            </control>

            <control type="group">
                <left>8</left>
                <right>8</right>
                <top>8</top>
                <bottom>8</bottom>
                <!-- Left Group -->
                <control type="grouplist" id="9100">
                    <description>Button Area</description>
                    <width>450</width>
                    <top>80</top>
                    <bottom>0</bottom>
                    <itemgap>0</itemgap>
                    <onleft>9000</onleft>
                    <onright>9200</onright>
                    <onup>9100</onup>
                    <ondown>9100</ondown>
                    <orientation>vertical</orientation>
                    <control type="togglebutton" id="9101" description="Info">
                        <usealttexture>ControlGroup(9100).HasFocus(9101)</usealttexture>
                        <alttexturenofocus colordiffuse="$VAR[ColorHighlight]">common/white.png</alttexturenofocus>
                        <include>DefSettingsButton</include>
                        <label>Info</label>
                    </control>
                    <control type="togglebutton" id="9102" description="Gereedschap">
                        <usealttexture>ControlGroup(9100).HasFocus(9102)</usealttexture>
                        <alttexturenofocus colordiffuse="$VAR[ColorHighlight]">common/white.png</alttexturenofocus>
                        <include>DefSettingsButton</include>
                        <label>Gereedschap</label>
                    </control>

                    <control type="togglebutton" id="9103" description="Updaten">
                        <usealttexture>ControlGroup(9100).HasFocus(9103)</usealttexture>
                        <alttexturenofocus colordiffuse="$VAR[ColorHighlight]">common/white.png</alttexturenofocus>
                        <include>DefSettingsButton</include>
                        <label>Updaten</label>
                    </control>
                    <control type="togglebutton" id="9104" description="Box Instellingen">
                        <usealttexture>ControlGroup(9100).HasFocus(9104)</usealttexture>
                        <alttexturenofocus colordiffuse="$VAR[ColorHighlight]">common/white.png</alttexturenofocus>
                        <include>DefSettingsButton</include>
                        <label>Skin Instellingen</label>
                    </control>
                    <control type="togglebutton" id="9105" description="Addon instellingen">
                        <usealttexture>ControlGroup(9100).HasFocus(9105)</usealttexture>
                        <alttexturenofocus colordiffuse="$VAR[ColorHighlight]">common/white.png</alttexturenofocus>
                        <include>DefSettingsButton</include>
                        <label>Addon Instellingen</label>
                    </control>
                    <!--<control type="togglebutton" id="9103" description="OSD">
                        <usealttexture>ControlGroup(9100).HasFocus(9103)</usealttexture>
                        <alttexturenofocus colordiffuse="$VAR[ColorHighlight]">common/white.png</alttexturenofocus>
                        <include>DefSettingsButton</include>
                        <label>478</label>
                    </control>

                    <control type="togglebutton" id="9107" description="Extras">
                        <usealttexture>ControlGroup(9100).HasFocus(9107)</usealttexture>
                        <alttexturenofocus colordiffuse="$VAR[ColorHighlight]">common/white.png</alttexturenofocus>
                        <include>DefSettingsButton</include>
                        <label>31169</label>
                    </control>-->
                </control>


                <!-- Right Group -->
                <control type="grouplist" id="9200">
                    <description>Control Area</description>
                    <left>450</left>
                    <right>0</right>
                    <top>80</top>
                    <bottom>10</bottom>
                    <itemgap>0</itemgap>
                    <onleft>9100</onleft>
                    <onright>9000</onright>
                    <onup>9200</onup>
                    <ondown>9200</ondown>
                    <orientation>vertical</orientation>
                    <!-- Info -->
                    <control type="button" id="9211" description="Netwerk">
                        <width>1310</width>
                        <visible>ControlGroup(9100).HasFocus(9101)</visible>
                        <include>DefSettingsButton</include>
                        <label>NETWERK $INFO[Network.LinkState]</label>
                        <onclick>noop</onclick>
                    </control>
                    <control type="button" id="9212" description="Test verbindings snelheid">
                        <width>1310</width>
                        <visible>ControlGroup(9100).HasFocus(9101)</visible>
                        <include>DefSettingsButton</include>
                        <label>[COLOR red]- Test uw verbindings snelheid[/COLOR]</label>
                        <onclick>PlayMedia(&quot;plugin://plugin.program.totalinstaller/?url=https%3A%2F%2Ftotalrevolution.googlecode.com%2Fsvn%2Ftrunk%2Fdownload%2520files%2F64MB.txt&amp;name=Download+64MB+file+++-+%5BCOLOR%3Dlime%5DServer+1%5B%2FCOLOR%5D&amp;mode=runtest&quot;)</onclick>
                    </control>
                    <control type="button" id="9213" description="IPAdres">
                        <width>1310</width>
                        <visible>ControlGroup(9100).HasFocus(9101)</visible>
                        <include>DefSettingsButton</include>
                        <label>IP Adres: [COLOR lime]$INFO[Network.IPAddress][/COLOR]</label>
                        <onclick>noop</onclick>
                    </control>
                     <control type="button" id="9214" description="Subnetmask">
                        <width>1310</width>
                        <visible>ControlGroup(9100).HasFocus(9101)</visible>
                        <include>DefSettingsButton</include>
                        <label>Subnetmask: $INFO[Network.SubnetMask]</label>
                        <onclick>noop</onclick>
                    </control>
                    <control type="button" id="9215" description="DNS1">
                        <width>1310</width>
                        <visible>ControlGroup(9100).HasFocus(9101)</visible>
                        <include>DefSettingsButton</include>
                        <label>DNS1: $INFO[Network.DNS1Address]</label>
                        <onclick>noop</onclick>
                    </control>
                     <control type="button" id="9216" description="DNS2">
                        <width>1310</width>
                        <visible>ControlGroup(9100).HasFocus(9101)</visible>
                        <include>DefSettingsButton</include>
                        <label>DNS2: $INFO[Network.DNS2Address]</label>
                        <onclick>noop</onclick>
                    </control>
                     <control type="button" id="9217" description="Resolutie">
                        <width>1310</width>
                        <visible>ControlGroup(9100).HasFocus(9101)</visible>
                        <include>DefSettingsButton</include>
                        <label>[COLOR cyan]Scherm Resolutie:[/COLOR] $INFO[System.ScreenResolution]</label>
                        <onclick>noop</onclick>
                    </control>
                    <control type="button" id="9218" description="Systeem versie">
                        <width>1310</width>
                        <visible>ControlGroup(9100).HasFocus(9101)</visible>
                        <include>DefSettingsButton</include>
                        <label>[COLOR cyan]Besturingssysteem:[/COLOR] $INFO[System.KernelVersion]</label>
                        <onclick>noop</onclick>
                    </control>
                    <control type="button" id="9219" description="Geheugen">
                        <width>1310</width>
                        <visible>ControlGroup(9100).HasFocus(9101)</visible>
                        <include>DefSettingsButton</include>
                        <label>[COLOR cyan]Geheugen Gebruik:[/COLOR] $INFO[System.Memory(used.percent)]</label>
                        <onclick>noop</onclick>
                    </control>

                    <!-- Gereedschap -->
                    <control type="button" id="9222" description="Tools gebuiken">
                        <width>1310</width>
                        <visible>ControlGroup(9100).HasFocus(9102)</visible>
                        <include>DefSettingsButton</include>
                        <label>[COLOR gold]Schoonmaak tools Gebruiken, eens in de week uitvoeren.[/COLOR]</label>
                        <onclick>noop</onclick>
                    </control>
                    <control type="button" id="9223" description="Film/Serie cache">
                        <width>1310</width>
                        <visible>ControlGroup(9100).HasFocus(9102)</visible>
                        <include>DefSettingsButton</include>
                        <label>[COLOR cyan]Onderhoud:[/COLOR] Film/Serie Cache schoonmaken</label>
                        <onclick>RunPlugin(&quot;plugin://plugin.video.salts/?mode=flush_cache&quot;)</onclick>
                        <onclick>RunPlugin(&quot;plugin://plugin.video.specto/?action=clearCache&quot;)</onclick>
                        <onclick>RunPlugin(&quot;plugin://plugin.video.exodus/?action=clearCache&quot;)</onclick>
                    </control>
                     <control type="button" id="9224" description="Bronnen opschonen">
                        <width>1310</width>
                        <visible>ControlGroup(9100).HasFocus(9102)</visible>
                        <include>DefSettingsButton</include>
                        <label>[COLOR cyan]Onderhoud:[/COLOR] Film/Serie Bronnen schoonmaken</label>
                        <onclick>RunPlugin(&quot;plugin://plugin.video.exodus/?action=clearSources&quot;)</onclick>
                        <onclick>RunPlugin(&quot;plugin://plugin.video.specto/?action=clearSources&quot;)</onclick>
                    </control>
                     <control type="button" id="9225" description="Programma cache">
                        <width>1310</width>
                        <visible>ControlGroup(9100).HasFocus(9102)</visible>
                        <include>DefSettingsButton</include>
                        <label>[COLOR cyan]Onderhoud:[/COLOR] Programma Cache schoonmaken</label>
                        <onclick>RunScript(storage/.kodi/userdata/resources/cache.py)</onclick>
                    </control>
                     <control type="button" id="9226" description="Oude addons">
                        <width>1310</width>
                        <visible>ControlGroup(9100).HasFocus(9102)</visible>
                        <include>DefSettingsButton</include>
                        <label>[COLOR cyan]Onderhoud:[/COLOR] Verwijderen oude Downloads</label>
                        <onclick>RunScript(storage/.kodi/userdata/resources/packages.py)</onclick>
                    </control>
                    <control type="button" id="9227" description="afbeelding verwijderen">
                        <width>1310</width>
                        <visible>ControlGroup(9100).HasFocus(9102)</visible>
                        <include>DefSettingsButton</include>
                        <label>[COLOR gold]Oude Afbeeldingen verwijderen, eens per 3 maanden uitvoeren.[/COLOR]</label>
                        <onclick>noop</onclick>
                    </control>
                    <control type="button" id="9228" description="Afbeelding verwijderen">
                        <width>1310</width>
                        <visible>ControlGroup(9100).HasFocus(9102)</visible>
                        <include>DefSettingsButton</include>
                        <label>[COLOR cyan]Onderhoud:[/COLOR] Afbeeldingen verwijderen</label>
                        <onclick>RunScript(storage/.kodi/userdata/resources/clean.py)</onclick>
                    </control>

                    <!-- Updaten -->
                    <control type="button" id="9227" description="Update versie">
                        <width>1310</width>
                        <visible>ControlGroup(9100).HasFocus(9103)</visible>
                        <include>DefSettingsButton</include>
                        <label>[COLOR gold]Controleren op Addon updates.[/COLOR]</label>
                        <onclick>noop</onclick>
                    </control>
                    <control type="button" id="9234" description="Update versie">
                        <width>1310</width>
                        <visible>ControlGroup(9100).HasFocus(9103)</visible>
                        <include>DefSettingsButton</include>
                        <label>[COLOR cyan]Addons:[/COLOR] Handmatig controleren op addon updates</label>
                        <onclick>UpdateLocalAddons</onclick>
			            <onclick>UpdateAddonRepos</onclick>
			            <onclick>RunScript(special://masterprofile/resources/updatedialog.py)</onclick>
                    </control>
                    <control type="button" id="9235" description="Updaten">
                        <width>1310</width>
                        <visible>ControlGroup(9100).HasFocus(9103)</visible>
                        <include>DefSettingsButton</include>
                        <label>[COLOR gold]Laatste Addon instellingen ingesteld: [COLOR red]$ADDON[script.afkboxsettings 30001][COLOR cyan]$ADDON[script.afkboxsettings 30002][/COLOR]</label>
                        <onclick>noop</onclick>
                    </control>
                    <control type="button" id="9236" description="Update versie">
                        <width>1310</width>
                        <visible>ControlGroup(9100).HasFocus(9103)</visible>
                        <include>DefSettingsButton</include>
                        <label>[COLOR cyan]Addons:[/COLOR] Addon instellingen instellen (let op trakt en andere accounts opnieuw koppelen)</label>
                        <onclick>RunScript(storage/.kodi/userdata/resources/settings.py)</onclick>
                    </control>
                    <control type="button" id="9237" description="Update versie">
                        <width>1310</width>
                        <visible>ControlGroup(9100).HasFocus(9103)</visible>
                        <include>DefSettingsButton</include>
                        <label>[COLOR gold]v2.0.7 - Update Beschikbaar: [COLOR red]$ADDON[script.afkboxtools2 30001][COLOR lime]$ADDON[script.afkboxtools2 30002][/COLOR]</label>
                        <onclick>noop</onclick>
                    </control>
                    <control type="button" id="9238" description="Updaten">
                        <width>1310</width>
                        <visible>ControlGroup(9100).HasFocus(9103)</visible>
                        <include>DefSettingsButton</include>
                        <label>[COLOR cyan]Updaten:[/COLOR] Start het updaten van de AFK-Box</label>
                        <onclick>RunScript(storage/.kodi/userdata/resources/update.py)</onclick>
                    </control>
                    <control type="button" id="9239" description="Herinstall">
                        <width>1310</width>
                        <visible>ControlGroup(9100).HasFocus(9103)</visible>
                        <include>DefSettingsButton</include>
                        <label>[COLOR gold]Herinstalleren AFK-Box Software: [COLOR cyan]v2.0[/COLOR]</label>
                        <onclick>noop</onclick>
                    </control>
                    <control type="button" id="9240" description="Herinstall uitvoeren">
                        <width>1310</width>
                        <visible>ControlGroup(9100).HasFocus(9103)</visible>
                        <include>DefSettingsButton</include>
                        <label>[COLOR cyan]Herstel:[/COLOR] Start het Herinstallatie AFK-Box</label>
                        <onclick>RunScript(storage/.kodi/userdata/resources/backup.py)</onclick>
                    </control>
                    <control type="button" id="9241" description="Nieuw herstel bestand">
                        <width>1310</width>
                        <visible>ControlGroup(9100).HasFocus(9103)</visible>
                        <include>DefSettingsButton</include>
                        <label>[COLOR gold]Downloaden van Nieuw Herstel bestand. Alleen nodig als uw herstel bestand ouder is dan: [COLOR cyan]$ADDON[script.afkboxtools2 30004][/COLOR]</label>
                        <onclick>noop</onclick>
                    </control>
                    <control type="button" id="9242" description="Herstel bestand downloaden">
                        <width>1310</width>
                        <visible>ControlGroup(9100).HasFocus(9103)</visible>
                        <include>DefSettingsButton</include>
                        <label>[COLOR cyan]Download:[/COLOR] Nieuw Herstelbestand</label>
                        <onclick>RunScript(/storage/.kodi/userdata/resources/herstel.py)</onclick>
                    </control>

                    <!-- Box Instellingen -->
                    <control type="radiobutton" id="9245" description="Clock">
                        <width>1310</width>
                        <visible>ControlGroup(9100).HasFocus(9104)</visible>
                        <include>DefSettingsButton</include>
                        <label>31153</label>
                        <selected>!Skin.HasSetting(furniture.clock)</selected>
                        <onclick>Skin.ToggleSetting(furniture.clock)</onclick>
                    </control>
                    <control type="radiobutton" id="9246" description="Weather">
                        <width>1310</width>
                        <visible>ControlGroup(9100).HasFocus(9104)</visible>
                        <include>DefSettingsButton</include>
                        <label>31197</label>
                        <selected>Skin.HasSetting(furniture.weather)</selected>
                        <onclick>Skin.Reset(furniture.topweather)</onclick>
                        <onclick>Skin.ToggleSetting(furniture.weather)</onclick>
                        <enable>!Skin.HasSetting(furniture.clock)</enable>
                    </control>
                    <control type="radiobutton" id="9247" description="Weather Top">
                        <width>1310</width>
                        <visible>ControlGroup(9100).HasFocus(9104)</visible>
                        <include>DefSettingsButton</include>
                        <label>31145</label>
                        <selected>Skin.HasSetting(furniture.topweather)</selected>
                        <onclick>Skin.Reset(furniture.weather)</onclick>
                        <onclick>Skin.ToggleSetting(furniture.topweather)</onclick>
                    </control>
                    <control type="radiobutton" id="9248" description="Flags">
                        <width>1310</width>
                        <visible>ControlGroup(9100).HasFocus(9104)</visible>
                        <include>DefSettingsButton</include>
                        <label>31154</label>
                        <selected>!Skin.HasSetting(furniture.flags)</selected>
                        <onclick>Skin.ToggleSetting(furniture.flags)</onclick>
                    </control>
                    <control type="radiobutton" id="9249" description="Dont use circle icons">
                        <width>1310</width>
                        <visible>ControlGroup(9100).HasFocus(9104)</visible>
                        <include>DefSettingsButton</include>
                        <label>31186</label>
                        <selected>!Skin.HasSetting(global.hidecirles)</selected>
                        <onclick>Skin.ToggleSetting(global.hidecirles)</onclick>
                    </control>
                    <control type="radiobutton" id="9250" description="Clearlogo">
                        <width>1310</width>
                        <visible>ControlGroup(9100).HasFocus(9104)</visible>
                        <include>DefSettingsButton</include>
                        <label>31179</label>
                        <selected>Skin.HasSetting(furniture.logo)</selected>
                        <onclick>Skin.ToggleSetting(furniture.logo)</onclick>
                    </control>
                    <control type="radiobutton" id="9251" description="Reflections">
                        <width>1310</width>
                        <visible>ControlGroup(9100).HasFocus(9104)</visible>
                        <include>DefSettingsButton</include>
                        <label>31219</label>
                        <selected>Skin.HasSetting(show.reflections)</selected>
                        <onclick>Skin.ToggleSetting(show.reflections)</onclick>
                    </control>
                    <control type="radiobutton" id="9252" description="Plot Overlay">
                        <width>1310</width>
                        <visible>ControlGroup(9100).HasFocus(9104)</visible>
                        <include>DefSettingsButton</include>
                        <label>Toon Plot pas na 3 seconden</label>
                        <selected>Skin.HasSetting(furniture.overlayinfo)</selected>
                        <onclick>Skin.ToggleSetting(furniture.overlayinfo)</onclick>
                    </control>
                    <control type="radiobutton" id="9253" description="Show fanart">
                        <width>1310</width>
                        <visible>ControlGroup(9100).HasFocus(9104)</visible>
                        <include>DefSettingsButton</include>
                        <label>Fanart Inschakelen</label>
                        <selected>!Skin.HasSetting(global.hidefanart)</selected>
                        <onclick>Skin.ToggleSetting(global.hidefanart)</onclick>
                    </control>
                    <control type="radiobutton" id="9254" description="Show video in background">
                        <width>1310</width>
                        <visible>ControlGroup(9100).HasFocus(9104)</visible>
                        <include>DefSettingsButton</include>
                        <label>31111</label>
                        <selected>Skin.HasSetting(global.showvideo)</selected>
                        <onclick>Skin.ToggleSetting(global.showvideo)</onclick>
                    </control>
                    <control type="radiobutton" id="9255" description="Show vis in background">
                        <width>1310</width>
                        <visible>ControlGroup(9100).HasFocus(9104)</visible>
                        <include>DefSettingsButton</include>
                        <label>31172</label>
                        <selected>Skin.HasSetting(global.showvisualisation)</selected>
                        <onclick>Skin.ToggleSetting(global.showvisualisation)</onclick>
                    </control>
                    <control type="radiobutton" id="9256" description="Header">
                        <width>1310</width>
                        <visible>ControlGroup(9100).HasFocus(9104)</visible>
                        <include>DefSettingsButton</include>
                        <label>31115</label>
                        <selected>!Skin.HasSetting(furniture.header)</selected>
                        <onclick>Skin.ToggleSetting(furniture.header)</onclick>
                    </control>
                    <control type="radiobutton" id="9257" description="Kiosk Mode">
                        <width>1310</width>
                        <visible>ControlGroup(9100).HasFocus(9104)</visible>
                        <include>DefSettingsButton</include>
                        <label>31199</label>
                        <selected>Skin.HasSetting(global.kioskmode)</selected>
                        <onclick>Skin.ToggleSetting(global.kioskmode)</onclick>
                    </control>
                    <control type="button" id="9258" description="Home Style">
                        <width>1310</width>
                        <visible>ControlGroup(9100).HasFocus(9104)</visible>
                        <include>DefSettingsButton</include>
                        <label>31247</label>
                        <label2>$VAR[LabelHomeWidgetStyle]</label2>
                        <onclick condition="Skin.HasSetting(home.classicwidgets)">Skin.SetBool(home.vertical)</onclick>
                        <onclick condition="Skin.HasSetting(home.classicwidgets)">Skin.Reset(home.classicwidgets)</onclick>
                        <onclick condition="Skin.HasSetting(home.vertical)">Skin.Reset(home.classicwidgets)</onclick>
                        <onclick condition="Skin.HasSetting(home.vertical)">Skin.Reset(home.vertical)</onclick>
                        <onclick condition="!Skin.HasSetting(home.vertical) + !Skin.HasSetting(home.classicwidgets)">Skin.Reset(home.vertical)</onclick>
                        <onclick condition="!Skin.HasSetting(home.vertical) + !Skin.HasSetting(home.classicwidgets)">Skin.SetBool(home.classicwidgets)</onclick>
                    </control>
                    <control type="radiobutton" id="9259" description="Show Icons">
                        <width>1310</width>
                        <visible>ControlGroup(9100).HasFocus(9104)</visible>
                        <include>DefSettingsButton</include>
                        <label>31190</label>
                        <selected>Skin.HasSetting(home.showicons)</selected>
                        <onclick>Skin.ToggleSetting(home.showicons)</onclick>
                    </control>
                    <control type="radiobutton" id="9260" description="Horz Sub">
                        <width>1310</width>
                        <visible>ControlGroup(9100).HasFocus(9104)</visible>
                        <include>DefSettingsButton</include>
                        <label>31202</label>
                        <enable>!Skin.HasSetting(home.showicons) + !Skin.HasSetting(home.vertical)</enable>
                        <selected>Skin.HasSetting(home.submenu2)</selected>
                        <onclick>Skin.ToggleSetting(home.submenu2)</onclick>
                    </control>
                    <control type="button" id="9261" description="Busy Loader Image">
                        <width>1310</width>
                        <visible>ControlGroup(9100).HasFocus(9104)</visible>
                        <include>DefSettingsButton</include>
                        <label>31216</label>
                        <label2>$INFO[Skin.String(busyloader)]</label2>
                        <onclick>Skin.SetFile(busyloader,.gif,special://skin/extras/spinners)</onclick>
                    </control>
                    <control type="button" id="9262" description="Set Custom Colour">
                        <width>1310</width>
                        <visible>ControlGroup(9100).HasFocus(9104)</visible>
                        <include>DefSettingsButton</include>
                        <label>$LOCALIZE[31238]</label>
                        <label2>$INFO[Skin.String(focuscolor.name)]</label2>
                        <onclick>ActivateWindow(1107)</onclick>
                    </control>
                    <control type="button" id="9263" description="Customise Home">
                        <width>1310</width>
                        <visible>ControlGroup(9100).HasFocus(9104)</visible>
                        <include>DefSettingsButton</include>
                        <label>31109</label>
                        <onclick>RunScript(script.skinshortcuts,type=manage&amp;group=mainmenu)</onclick>
                    </control>
                    <control type="button" id="9264" description="Reset Home to Defaults">
                        <width>1310</width>
                        <visible>ControlGroup(9100).HasFocus(9104)</visible>
                        <include>DefSettingsButton</include>
                        <label>31132</label>
                        <onclick>RunScript(script.skinshortcuts,type=resetall)</onclick>
                    </control>

                    <!-- addon settings -->
                    <control type="button" id="9269" description="instellingen">
                        <width>1310</width>
                        <visible>ControlGroup(9100).HasFocus(9105)</visible>
                        <include>DefSettingsButton</include>
                        <label>[COLOR gold]Addon Instellingen[/COLOR]</label>
                        <onclick>noop</onclick>
                    </control>
                    <control type="button" id="9270" description="specto instellingen">
                        <width>1310</width>
                        <visible>ControlGroup(9100).HasFocus(9105)</visible>
                        <include>DefSettingsButton</include>
                        <label>[COLOR cyan]Specto:[/COLOR] Instellingen</label>
                        <onclick>Addon.OpenSettings(plugin.video.specto)</onclick>
                    </control>
                    <control type="button" id="9271" description="exodus instellingen">
                        <width>1310</width>
                        <visible>ControlGroup(9100).HasFocus(9105)</visible>
                        <include>DefSettingsButton</include>
                        <label>[COLOR cyan]Exodus:[/COLOR] Instellingen</label>
                        <onclick>Addon.OpenSettings(plugin.video.exodus)</onclick>
                    </control>
                    <control type="button" id="9272" description="salts instellingen">
                        <width>1310</width>
                        <visible>ControlGroup(9100).HasFocus(9105)</visible>
                        <include>DefSettingsButton</include>
                        <label>[COLOR cyan]S.A.L.T.S:[/COLOR] Instellingen</label>
                        <onclick>Addon.OpenSettings(plugin.video.salts)</onclick>
                    </control>
                    <!--<control type="button" id="9273" description="Pulsar instellingen">
                        <width>1310</width>
                        <visible>ControlGroup(9100).HasFocus(9105)</visible>
                        <include>DefSettingsButton</include>
                        <label>[COLOR cyan]Pulsar:[/COLOR] Instellingen</label>
                        <onclick>Addon.OpenSettings(plugin.video.pulsar)</onclick>
                    </control>-->
                    <control type="button" id="9274" description="iptv">
                        <width>1310</width>
                        <visible>ControlGroup(9100).HasFocus(9105)</visible>
                        <include>DefSettingsButton</include>
                        <label>[COLOR gold]IPTV[/COLOR]</label>
                        <onclick>noop</onclick>
                    </control>
                    <control type="button" id="9275" description="iptv herladen">
                        <width>1310</width>
                        <visible>ControlGroup(9100).HasFocus(9105)</visible>
                        <include>DefSettingsButton</include>
                        <label>[COLOR cyan]IPTV:[/COLOR] Lijst/Gids herladen</label>
                        <onclick>StartPVRManager</onclick>
                    </control>
                    <control type="button" id="9276" description="iptv intellen">
                        <width>1310</width>
                        <visible>ControlGroup(9100).HasFocus(9105)</visible>
                        <include>DefSettingsButton</include>
                        <label>[COLOR cyan]IPTV:[/COLOR] Instellingen</label>
                        <onclick>Addon.OpenSettings(pvr.iptvsimple)</onclick>
                    </control>
                    <control type="button" id="9278" description="VPN">
                        <width>1310</width>
                        <visible>ControlGroup(9100).HasFocus(9105)</visible>
                        <include>DefSettingsButton</include>
                        <label>[COLOR gold]VPN[/COLOR]</label>
                        <onclick>noop</onclick>
                    </control>
                    <control type="button" id="9279" description="VPN">
                        <width>1310</width>
                        <visible>ControlGroup(9100).HasFocus(9105)</visible>
                        <include>DefSettingsButton</include>
                        <label>[COLOR cyan]VPN:[/COLOR] Instellingen</label>
                        <onclick>ActivateWindow(10001,&quot;plugin://plugin.program.oepia/&quot;)</onclick>
                    </control>
                    <control type="button" id="9280" description="torrent">
                        <width>1310</width>
                        <visible>ControlGroup(9100).HasFocus(9105)</visible>
                        <include>DefSettingsButton</include>
                        <label>[COLOR gold]Torrents Tools[/COLOR]</label>
                        <onclick>noop</onclick>
                    </control>
                    <control type="button" id="9281" description="Torrent">
                        <width>1310</width>
                        <visible>ControlGroup(9100).HasFocus(9105)</visible>
                        <include>DefSettingsButton</include>
                        <label>[COLOR cyan]Torrent Tools:[/COLOR] Installeren</label>
                        <onclick>RunScript(storage/.kodi/addons/script.afkboxtools2/resources/installtorrent.py)</onclick>
                    </control>
                    <control type="button" id="9282" description="Config">
                        <width>1310</width>
                        <visible>ControlGroup(9100).HasFocus(9105)</visible>
                        <include>DefSettingsButton</include>
                        <label>[COLOR gold]Afstandsbediening instellen[/COLOR]</label>
                        <onclick>noop</onclick>
                    </control>
                    <control type="button" id="9283" description="ronde afstandsbediening">
                        <width>1310</width>
                        <visible>ControlGroup(9100).HasFocus(9105)</visible>
                        <include>DefSettingsButton</include>
                        <label>[COLOR cyan]Ovale[/COLOR] Afstandsbediening</label>
                        <onclick>RunScript(storage/.kodi/addons/script.afkboxtools2/resources/afkboxscript.py,ovaal)</onclick>
                    </control>
                     <control type="button" id="9284" description="vierkante afstandsbediening">
                        <width>1310</width>
                        <visible>ControlGroup(9100).HasFocus(9105)</visible>
                        <include>DefSettingsButton</include>
                        <label>[COLOR cyan]Vierkante[/COLOR] Afstandsbediening</label>
                        <onclick>RunScript(storage/.kodi/addons/script.afkboxtools2/resources/afkboxscript.py,vierkant)</onclick>
                    </control>
                </control>



                <!-- Lines -->
                <control type="image">
                    <top>10</top>
                    <left>450</left>
                    <width>1</width>
                    <bottom>10</bottom>
                    <colordiffuse>Black12</colordiffuse>
                    <texture>common/white.png</texture>
                </control>


                <!-- Header -->
                <control type="label">
                    <left>30</left>
                    <width>390</width>
                    <posy>18</posy>
                    <font>MediumBold</font>
                    <label>Onderhoud AFK-Box</label>
                    <textcolor>PanelWhite100</textcolor>
                </control>
                <control type="label">
                    <left>480</left>
                    <width>390</width>
                    <posy>18</posy>
                    <font>MediumBold</font>
                    <label>Instellingen</label>
                    <textcolor>PanelWhite100</textcolor>
                </control>
            </control>
        </control>
        <include>Def9000SettingsMenu</include>
    </controls>
</window>
