<?xml version="1.0" encoding="UTF-8" standalone="yes"?>
<addon id="script.afkboxsettings"
       name="AFK-Box Settings"
       version="1.0.3A"
       provider-name="AFK">
  <requires>
    <import addon="xbmc.python" version="2.1.0"/>
    <import addon="script.audio.spotimc"/>
  </requires>
  <extension point="xbmc.python.pluginsource"
            library="default.py">
    <provides>executable</provides>
  </extension>
  <extension point="xbmc.addon.metadata">
      <summary lang="en">AFK-Box Onderhoud</summary>
      <description lang="en">Tools for the AFK-Box</description>
      <license>GNU GENERAL PUBLIC LICENSE. Version 2, June 1991</license>
  </extension>
</addon>
