<?xml version="1.0" encoding="UTF-8"?>
<window type="dialog" id="97">
	<zorder>10</zorder>
	<visible>!Window.IsVisible(startup) + Skin.HasSetting(dev.images)</visible>
	<controls>
		<control type="group">
			<left>10</left>
			<top>10</top>
			<control type="image">
				<include>screen_Dimensions</include>
				<texture>black.png</texture>
				<animation effect="fade" end="80" time="0" condition="true">Conditional</animation>
			</control>
			<control type="group">
				<width>160</width>
				<height>360</height>
				<control type="image">
					<width>160</width>
					<height>360</height>
					<texture fallback="DefaultIconError.png">$INFO[ListItem.Art(thumb)]</texture>
					<aspectratio align="center" aligny="top">keep</aspectratio>
				</control>
				<control type="label">
					<top>300</top>
					<width>160</width>
					<font>condensed_Debug</font>
					<haspath>true</haspath>
					<align>center</align>
					<label>ListItem.Art(thumb)</label>
					<textcolor>yellow</textcolor>
				</control>
			</control>
			<control type="group">
				<left>180</left>
				<width>160</width>
				<height>360</height>
				<control type="image">
					<width>160</width>
					<height>360</height>
					<texture fallback="DefaultIconError.png">$INFO[ListItem.Art(poster)]</texture>
					<aspectratio align="center" aligny="top">keep</aspectratio>
				</control>
				<control type="label">
					<top>300</top>
					<width>160</width>
					<font>condensed_Debug</font>
					<haspath>true</haspath>
					<align>center</align>
					<textcolor>yellow</textcolor>
					<label>ListItem.Art(poster)</label>
				</control>
			</control>
			<control type="group">
				<left>360</left>
				<width>160</width>
				<height>360</height>
				<control type="image">
					<width>160</width>
					<height>360</height>
					<texture fallback="DefaultIconError.png">$INFO[ListItem.Art(tvshow.poster)]</texture>
					<aspectratio align="center" aligny="top">keep</aspectratio>
				</control>
				<control type="label">
					<top>300</top>
					<width>160</width>
					<font>condensed_Debug</font>
					<haspath>true</haspath>
					<align>center</align>
					<label>ListItem.Art(tvshow.poster)</label>
					<textcolor>yellow</textcolor>
				</control>
			</control>
			<control type="group">
				<left>540</left>
				<width>160</width>
				<height>360</height>
				<control type="image">
					<width>160</width>
					<height>360</height>
					<texture fallback="DefaultIconError.png">$INFO[ListItem.Art(season.poster)]</texture>
					<aspectratio align="center" aligny="top">keep</aspectratio>
				</control>
				<control type="label">
					<top>300</top>
					<width>160</width>
					<font>condensed_Debug</font>
					<haspath>true</haspath>
					<align>center</align>
					<label>ListItem.Art(season.poster)</label>
					<textcolor>yellow</textcolor>
				</control>
			</control>
			<control type="group">
				<left>720</left>
				<width>160</width>
				<height>360</height>
				<control type="image">
					<width>160</width>
					<height>360</height>
					<texture fallback="DefaultIconError.png">$INFO[ListItem.Art(tvshow.banner)]</texture>
					<aspectratio align="center" aligny="top">keep</aspectratio>
				</control>
				<control type="label">
					<top>300</top>
					<width>160</width>
					<font>condensed_Debug</font>
					<haspath>true</haspath>
					<align>center</align>
					<label>ListItem.Art(tvshow.banner)</label>
					<textcolor>yellow</textcolor>
				</control>
			</control>
			<control type="group">
				<left>900</left>
				<width>160</width>
				<height>360</height>
				<control type="image">
					<width>160</width>
					<height>360</height>
					<texture fallback="DefaultIconError.png">$INFO[ListItem.Art(season.banner)]</texture>
					<aspectratio align="center" aligny="top">keep</aspectratio>
				</control>
				<control type="label">
					<top>300</top>
					<width>160</width>
					<font>condensed_Debug</font>
					<haspath>true</haspath>
					<align>center</align>
					<label>ListItem.Art(season.banner)</label>
					<textcolor>yellow</textcolor>
				</control>
			</control>
			<control type="group">
				<left>1080</left>
				<width>160</width>
				<height>360</height>
				<control type="image">
					<width>160</width>
					<height>360</height>
					<texture fallback="DefaultIconError.png">$INFO[ListItem.Art(tvshow.banner)]</texture>
					<aspectratio align="center" aligny="top">keep</aspectratio>
				</control>
				<control type="label">
					<top>300</top>
					<width>160</width>
					<font>condensed_Debug</font>
					<haspath>true</haspath>
					<align>center</align>
					<label>ListItem.Art(tvshow.banner)</label>
					<textcolor>yellow</textcolor>
				</control>
			</control>
			<control type="group">
				<top>340</top>
				<width>160</width>
				<height>360</height>
				<control type="image">
					<width>160</width>
					<height>360</height>
					<texture fallback="DefaultIconError.png">$INFO[ListItem.Art(banner)]</texture>
					<aspectratio align="center" aligny="top">keep</aspectratio>
				</control>
				<control type="label">
					<top>320</top>
					<width>160</width>
					<font>condensed_Debug</font>
					<haspath>true</haspath>
					<align>center</align>
					<label>ListItem.Art(banner)</label>
					<textcolor>yellow</textcolor>
				</control>
			</control>
			<control type="group">
				<left>180</left>
				<top>340</top>
				<width>160</width>
				<height>360</height>
				<control type="image">
					<width>160</width>
					<height>360</height>
					<texture fallback="DefaultIconError.png">$INFO[ListItem.Art(landscape)]</texture>
					<aspectratio align="center" aligny="top">keep</aspectratio>
				</control>
				<control type="label">
					<top>320</top>
					<width>160</width>
					<font>condensed_Debug</font>
					<haspath>true</haspath>
					<align>center</align>
					<label>ListItem.Art(landscape)</label>
					<textcolor>yellow</textcolor>
				</control>
			</control>
			<control type="group">
				<left>360</left>
				<top>340</top>
				<width>160</width>
				<height>360</height>
				<control type="image">
					<width>160</width>
					<height>360</height>
					<texture fallback="DefaultIconError.png">$INFO[ListItem.Art(fanart)]</texture>
					<aspectratio align="center" aligny="top">keep</aspectratio>
				</control>
				<control type="label">
					<top>320</top>
					<width>160</width>
					<font>condensed_Debug</font>
					<haspath>true</haspath>
					<align>center</align>
					<label>ListItem.Art(fanart)</label>
					<textcolor>yellow</textcolor>
				</control>
			</control>
			<control type="group">
				<left>540</left>
				<top>340</top>
				<width>160</width>
				<height>360</height>
				<control type="image">
					<width>160</width>
					<height>360</height>
					<texture fallback="DefaultIconError.png">$INFO[Player.Art(fanart)]</texture>
					<aspectratio align="center" aligny="top">keep</aspectratio>
				</control>
				<control type="label">
					<top>320</top> 
					<width>160</width>
					<font>condensed_Debug</font>
					<haspath>true</haspath>
					<align>center</align>
					<label>Player.Art(fanart)</label>
					<textcolor>yellow</textcolor>
				</control>
			</control>
			<control type="group">
				<left>720</left>
				<top>340</top>
				<width>160</width>
				<height>360</height>
				<control type="image">
					<width>160</width>
					<height>360</height>
					<texture fallback="DefaultIconError.png">$INFO[Player.Art(tvshow.poster)]</texture>
					<aspectratio align="center" aligny="top">keep</aspectratio>
				</control>
				<control type="label">
					<top>320</top>
					<width>160</width>
					<font>condensed_Debug</font>
					<haspath>true</haspath>
					<align>center</align>
					<label>Player.Art(tvshow.poster)</label>
					<textcolor>yellow</textcolor>
				</control>
			</control>
			<control type="group">
				<left>900</left>
				<top>340</top>
				<width>160</width>
				<height>360</height>
				<control type="image">
					<width>160</width>
					<height>360</height>
					<texture fallback="DefaultIconError.png">$INFO[Player.Art(tvshow.landscape)]</texture>
					<aspectratio align="center" aligny="top">keep</aspectratio>
				</control>
				<control type="label">
					<top>320</top>
					<width>160</width>
					<font>condensed_Debug</font>
					<haspath>true</haspath>
					<align>center</align>
					<label>Player.Art(tvshow.landscape)</label>
					<textcolor>yellow</textcolor>
				</control>
			</control>
			<control type="group">
				<left>1080</left>
				<top>340</top>
				<width>160</width>
				<height>360</height>
				<control type="image">
					<width>160</width>
					<height>360</height>
					<texture fallback="DefaultIconError.png">$INFO[ListItem.Art(tvshow.landscape)]</texture>
					<aspectratio align="center" aligny="top">keep</aspectratio>
				</control>
				<control type="label">
					<top>320</top>
					<width>160</width>
					<font>condensed_Debug</font>
					<haspath>true</haspath>
					<align>center</align>
					<label>ListItem.Art(tvshow.landscape)</label>
					<textcolor>yellow</textcolor>
				</control>
			</control>
		</control>
	</controls>
</window>