<?xml version="1.0" encoding="UTF-8"?>
<window type="dialog">
	<defaultcontrol always="true">10</defaultcontrol>
	<include>transition_Dialog</include>
	<coordinates>
		<left>365</left>
		<top>228</top>
	</coordinates>
	<controls>
		<control type="image">
			<width>600</width>
			<height>265</height>
			<include>dialog_Window</include>
		</control>
		<!--delete timer-->
		<control type="label" id="2">
			<width>592</width>
			<label>$ADDON[pvr.wmc 30120]</label>
			<include>dialog_Windowtitle</include>
		</control>
		<control type="group">
			<left>4</left>
			<top>60</top>
			<!--program title-->
			<control type="label" id="20">
				<width>592</width>
				<label>test program title</label>-->
				<align>center</align>
				<include>dialog_Header</include>
				<include>dialog_ControlCommons</include>
			</control>
			<control type="image">
				<top>39</top>
				<width>592</width>
				<include>dialog_Separator</include>
			</control>
			<control type="group" id="9001">
				<top>40</top>
				<!--delete this episode timer only-->
				<control type="radiobutton" id="10">
					<width>592</width>
					<onup>9000</onup>
					<ondown>11</ondown>
					<label>$ADDON[pvr.wmc 30121]</label>
					<include>dialog_Radio</include>
					<include>dialog_ControlCommons</include>
				</control>
				<!--delete the entire series-->
				<control type="radiobutton" id="11">
					<top>40</top>
					<width>592</width>
					<onup>10</onup>
					<ondown>9000</ondown>
					<label>$ADDON[pvr.wmc 30122]</label>
					<include>dialog_Radio</include>
					<include>dialog_ControlCommons</include>
				</control>
			</control>
		</control>
		<!--dialog buttons-->
		<control type="group" id="9000">
			<left>175</left>
			<top>200</top>
			<!--ok-->
			<control type="button" id="1">
				<label>$LOCALIZE[186]</label>
				<onleft>2</onleft>
				<onright>2</onright>
				<onup>11</onup>
				<ondown>10</ondown>
				<include>dialog_WindowButton</include>
			</control>
			<!--cancel-->
			<control type="button" id="2">
				<left>130</left>
				<label>$LOCALIZE[222]</label>
				<onleft>1</onleft>
				<onright>1</onright>
				<onup>11</onup>
				<ondown>10</ondown>
				<include>dialog_WindowButton</include>
			</control>
		</control>
	</controls>
</window>