<?xml version="1.0" encoding="UTF-8"?>
<window>
	<defaultcontrol>10</defaultcontrol>
	<include>transition_Dialog</include>
	<coordinates>
		<system>1</system>
		<left>365</left>
		<top>235</top>
	</coordinates>
	<controls>
		<control type="group">
			<control type="image">
				<width>600</width>
				<height>220</height>
				<include>dialog_Window</include>
			</control>
			<control type="label" id="1">
				<width>592</width>
				<label>$LOCALIZE[13406]</label>
				<include>dialog_Windowtitle</include>
			</control>
			<!--textbox-->
			<control type="textbox" id="9">
				<left>20</left>
				<top>55</top>
				<width>552</width>
				<height>90</height>
				<label>-</label>
				<align>center</align>
				<include>dialog_Text</include>
			</control>
			<control type="button" id="10">
				<left>240</left>
				<top>155</top>
				<label>186</label>
				<include>dialog_WindowButton</include>
			</control>
		</control>
	</controls>
</window>