<?xml version="1.0" encoding="UTF-8"?>
<window>
	<defaultcontrol always="true">10</defaultcontrol>
	<include>transition_Dialog</include>
	<coordinates>
		<system>1</system>
		<left>340</left>
		<top>235</top>
	</coordinates>
	<controls>
		<control type="image">
			<width>600</width>
			<height>220</height>
			<include>dialog_Window</include>
		</control>
		<control type="label" id="1">
			<width>592</width>
			<label>$LOCALIZE[13406]</label>
			<include>dialog_Windowtitle</include>
		</control>
		<!--textbox-->
		<control type="textbox" id="9">
			<left>20</left>
			<top>55</top>
			<width>552</width>
			<height>90</height>
			<label>-</label>
			<align>center</align>
			<include>dialog_Text</include>
		</control>
	<!--dialog controls-->
		<control type="group">
			<left>155</left>
			<top>155</top>
			<!--yes-->
			<control type="button" id="11">
				<label>$LOCALIZE[107]</label>
				<onleft>10</onleft>
				<onright>10</onright>
				<onup>11</onup>
				<ondown>11</ondown>
				<width>140</width>
				<include>dialog_WindowButton</include>
			</control>
			<!--no-->
			<control type="button" id="10">
				<left>150</left>
				<label>$LOCALIZE[106]</label>
				<onleft>11</onleft>
				<onright>11</onright>
				<onup>10</onup>
				<ondown>10</ondown>
				<width>140</width>
				<include>dialog_WindowButton</include>
			</control>
		</control>
	</controls>
</window>