<?xml version="1.0" encoding="UTF-8"?>
<window>
    <defaultcontrol always="true">50</defaultcontrol>
    <allowoverlay>no</allowoverlay>
    <views>50,521,575,58</views>
    <controls>
    	
		<!--global includes-->
		<include>global_Background</include>
		<include>global_Clock</include>
		<include>global_MenuGuide</include>
		<include>global_Itemcount</include>
		<include>windowTitle_PVR</include>
		<include>PageControls</include>

		<!--view includes-->
		<include>view_List</include><!--50-->
		<include>view_SlideLandscape</include><!--521-->
		<include>view_IconWide</include><!--575-->
		<include>view_Tiles</include><!--58-->

		<!--list-->
		<include>detail_List</include>
		<include>detail_Slide</include>

		<!--menu-->
        <include>menu_TV</include>
        
    </controls>
</window>