<?xml version="1.0" encoding="UTF-8"?>
<window type="dialog" id="1110">
	<defaultcontrol always="true">10</defaultcontrol>
	<include>transition_Dialog</include>
	<coordinates>
		<left>290</left>
		<top>168</top>
	</coordinates>
	<zorder>5</zorder>
	<controls>
		<control type="group">
			<control type="image">
				<width>700</width>
				<height>385</height>
				<include>dialog_Window</include>
			</control>
			<!--recording preferences-->
			<control type="label" id="2">
				<width>692</width>
				<label>$ADDON[pvr.wmc 30100]</label>
				<include>dialog_Windowtitle</include>
			</control>
			<control type="group">
				<left>4</left>
				<top>60</top>
				<!--program title-->
				<control type="label" id="20">
					<width>692</width>
					<align>center</align>
					<include>dialog_Header</include>
					<include>dialog_ControlCommons</include>
				</control>
				<control type="image">
					<top>39</top>
					<width>692</width>
					<include>dialog_Separator</include>
				</control>
				<control type="group" id="9001">
					<top>40</top>
					<!--record this episode only-->
					<control type="radiobutton" id="10">
						<width>692</width>
						<onup>15</onup>
						<ondown>11</ondown>
						<label>10 $ADDON[pvr.wmc 30101]</label>
						<include>dialog_Radio</include>
						<include>dialog_ControlCommons</include>
					</control>
					<!--record the series-->
					<control type="radiobutton" id="11">
						<top>40</top>
						<width>692</width>
						<onup>10</onup>
						<ondown>12</ondown>
						<label>$ADDON[pvr.wmc 30102]</label>
						<include>dialog_Radio</include>
						<include>dialog_ControlCommons</include>
					</control>
					<!--show type-->
					<control type="spincontrolex" id="12">
						<top>80</top>
						<width>692</width>
						<onup>11</onup>
						<ondown>13</ondown>
						<label>$ADDON[pvr.wmc 30103]</label>
						<include>dialog_Spin</include>
						<include>dialog_ControlCommons</include>
					</control>
					<!--channel series choice-->
					<control type="spincontrolex" id="13">
						<top>120</top>
						<width>692</width>
						<onup>12</onup>
						<ondown>14</ondown>
						<label>$ADDON[pvr.wmc 30107]</label>
						<include>dialog_Spin</include>
						<include>dialog_ControlCommons</include>
					</control>
					<!--airtime series choice-->
					<control type="spincontrolex" id="14">
						<top>160</top>
						<width>692</width>
						<onup>13</onup>
						<ondown>10</ondown>
						<label>$ADDON[pvr.wmc 30110]</label>
						<include>dialog_Spin</include>
						<include>dialog_ControlCommons</include>
					</control>
				</control>
				<!--dialog buttons-->
				<control type="group" id="9000">
					<left>425</left>
					<top>260</top>
					<!--ok-->
					<control type="button" id="1">
						<label>$LOCALIZE[186]</label>
						<onleft>2</onleft>
						<onright>2</onright>
						<onup>9001</onup>
						<ondown>9001</ondown>
						<include>dialog_WindowButton</include>
					</control>
					<!--cancel-->
					<control type="button" id="2">
						<left>130</left>
						<label>$LOCALIZE[222]</label>
						<onleft>1</onleft>
						<onright>1</onright>
						<onup>9001</onup>
						<ondown>9001</ondown>
						<include>dialog_WindowButton</include>
					</control>
				</control>
			</control>
		</control>
	</controls>
</window>