<?xml version='1.0' encoding='UTF-8'?>
<includes>
	<include name="skinshortcuts-mainmenu">
		<item id="1">
			<label>Films Kijken</label>
			<label2>Favoriet</label2>
			<icon>DefaultFolder.png</icon>
			<thumb>special://skin/logos/nieuw.jpg</thumb>
			<property name="labelID">filmskijken</property>
			<property name="defaultID">films-kijken</property>
			<onclick>ActivateWindow(10025,"plugin://plugin.program.super.favourites/?label=Films Kijken&amp;mode=400&amp;path=special%3A%2F%2Fhome%2Fuserdata%2Faddon_data%2Fplugin.program.super.favourites%2FSuper%20Favourites%2FFilms%20Kijken",return)</onclick>
			<property name="path">ActivateWindow(10025,"plugin://plugin.program.super.favourites/?label=Films Kijken&amp;mode=400&amp;path=special%3A%2F%2Fhome%2Fuserdata%2Faddon_data%2Fplugin.program.super.favourites%2FSuper%20Favourites%2FFilms%20Kijken",return)</property>
			<visible>StringCompare(System.ProfileName,Master user)</visible>
			<property name="submenuVisibility">filmskijken</property>
			<property name="group">mainmenu</property>
			<property name="hasSubmenu">False</property>
		</item>
		<item id="2">
			<label>Series Kijken</label>
			<label2>Favoriet</label2>
			<icon>DefaultFolder.png</icon>
			<thumb>special://skin/logos/favoriten.jpg</thumb>
			<property name="labelID">serieskijken</property>
			<property name="defaultID">series-kijken</property>
			<onclick>ActivateWindow(10025,"plugin://plugin.program.super.favourites/?label=Series Kijken&amp;mode=400&amp;path=special%3A%2F%2Fhome%2Fuserdata%2Faddon_data%2Fplugin.program.super.favourites%2FSuper%20Favourites%2FSeries%20Kijken",return)</onclick>
			<property name="path">ActivateWindow(10025,"plugin://plugin.program.super.favourites/?label=Series Kijken&amp;mode=400&amp;path=special%3A%2F%2Fhome%2Fuserdata%2Faddon_data%2Fplugin.program.super.favourites%2FSuper%20Favourites%2FSeries%20Kijken",return)</property>
			<visible>StringCompare(System.ProfileName,Master user)</visible>
			<property name="submenuVisibility">serieskijken</property>
			<property name="group">mainmenu</property>
			<property name="hasSubmenu">False</property>
		</item>
		<item id="3">
			<label>Sports</label>
			<label2>Favoriet</label2>
			<icon>DefaultFolder.png</icon>
			<thumb>special://skin/logos/livesport.jpg</thumb>
			<property name="labelID">sports</property>
			<property name="defaultID">sports</property>
			<onclick>ActivateWindow(10025,"plugin://plugin.program.super.favourites/?label=Sports&amp;mode=400&amp;path=special%3A%2F%2Fhome%2Fuserdata%2Faddon_data%2Fplugin.program.super.favourites%2FSuper%20Favourites%2FSports",return)</onclick>
			<property name="path">ActivateWindow(10025,"plugin://plugin.program.super.favourites/?label=Sports&amp;mode=400&amp;path=special%3A%2F%2Fhome%2Fuserdata%2Faddon_data%2Fplugin.program.super.favourites%2FSuper%20Favourites%2FSports",return)</property>
			<visible>StringCompare(System.ProfileName,Master user)</visible>
			<property name="submenuVisibility">sports</property>
			<property name="group">mainmenu</property>
			<property name="hasSubmenu">False</property>
		</item>
		<item id="4">
			<label>Kids</label>
			<label2>Favoriet</label2>
			<icon>DefaultFolder.png</icon>
			<thumb>special://skin/logos/dutch.jpg</thumb>
			<property name="labelID">kids</property>
			<property name="defaultID">kids</property>
			<onclick>ActivateWindow(10025,"plugin://plugin.program.super.favourites/?label=Kids&amp;mode=400&amp;path=special%3A%2F%2Fhome%2Fuserdata%2Faddon_data%2Fplugin.program.super.favourites%2FSuper%20Favourites%2FKids",return)</onclick>
			<property name="path">ActivateWindow(10025,"plugin://plugin.program.super.favourites/?label=Kids&amp;mode=400&amp;path=special%3A%2F%2Fhome%2Fuserdata%2Faddon_data%2Fplugin.program.super.favourites%2FSuper%20Favourites%2FKids",return)</property>
			<visible>StringCompare(System.ProfileName,Master user)</visible>
			<property name="submenuVisibility">kids</property>
			<property name="group">mainmenu</property>
			<property name="hasSubmenu">False</property>
		</item>
		<item id="5">
			<label>Aflevering gemist</label>
			<label2>Favoriet</label2>
			<icon>DefaultFolder.png</icon>
			<thumb>/storage/.xbmc/addons/net.rieter.xot/icon.png</thumb>
			<property name="labelID">afleveringgemist</property>
			<property name="defaultID">nationaal</property>
			<onclick>ActivateWindow(10025,"plugin://net.rieter.xot/?action=listcategory&amp;category=National",return)</onclick>
			<property name="path">ActivateWindow(10025,"plugin://net.rieter.xot/?action=listcategory&amp;category=National",return)</property>
			<visible>StringCompare(System.ProfileName,Master user)</visible>
			<property name="submenuVisibility">afleveringgemist</property>
			<property name="group">mainmenu</property>
			<property name="hasSubmenu">False</property>
		</item>
		<item id="6">
			<label>Muziek</label>
			<label2>Favoriet</label2>
			<icon>DefaultFolder.png</icon>
			<thumb>special://skin/logos/streams.jpg</thumb>
			<property name="labelID">muziek</property>
			<property name="defaultID">muziek</property>
			<onclick>ActivateWindow(10025,"plugin://plugin.program.super.favourites/?label=Muziek&amp;mode=400&amp;path=special%3A%2F%2Fhome%2Fuserdata%2Faddon_data%2Fplugin.program.super.favourites%2FSuper%20Favourites%2FMuziek",return)</onclick>
			<property name="path">ActivateWindow(10025,"plugin://plugin.program.super.favourites/?label=Muziek&amp;mode=400&amp;path=special%3A%2F%2Fhome%2Fuserdata%2Faddon_data%2Fplugin.program.super.favourites%2FSuper%20Favourites%2FMuziek",return)</property>
			<visible>StringCompare(System.ProfileName,Master user)</visible>
			<property name="submenuVisibility">muziek</property>
			<property name="group">mainmenu</property>
			<property name="hasSubmenu">False</property>
		</item>
		<item id="7">
			<label>Extra</label>
			<label2>Favoriet</label2>
			<icon>DefaultFolder.png</icon>
			<thumb>special://home/addons/plugin.video.gamekings/icon.png</thumb>
			<property name="labelID">extra</property>
			<property name="defaultID">extra</property>
			<onclick>ActivateWindow(10025,"plugin://plugin.program.super.favourites/?label=Extra&amp;mode=400&amp;path=special%3A%2F%2Fhome%2Fuserdata%2Faddon_data%2Fplugin.program.super.favourites%2FSuper%20Favourites%2FExtra",return)</onclick>
			<property name="path">ActivateWindow(10025,"plugin://plugin.program.super.favourites/?label=Extra&amp;mode=400&amp;path=special%3A%2F%2Fhome%2Fuserdata%2Faddon_data%2Fplugin.program.super.favourites%2FSuper%20Favourites%2FExtra",return)</property>
			<visible>StringCompare(System.ProfileName,Master user)</visible>
			<property name="submenuVisibility">extra</property>
			<property name="group">mainmenu</property>
			<property name="hasSubmenu">False</property>
		</item>
		<item id="8">
			<label>Instellingen</label>
			<label2>Aangepaste snelkoppeling</label2>
			<icon>DefaultShortcut.png</icon>
			<thumb />
			<property name="labelID">instellingen</property>
			<property name="defaultID">instellingen</property>
			<onclick>noop</onclick>
			<property name="path">noop</property>
			<visible>StringCompare(System.ProfileName,Master user)</visible>
			<property name="submenuVisibility">instellingen</property>
			<property name="group">mainmenu</property>
			<property name="hasSubmenu">True</property>
		</item>
	</include>
	<include />
	<include name="skinshortcuts-submenu">
		<item id="1">
			<label>Scherm uitlijnen</label>
			<label2>Aangepaste snelkoppeling</label2>
			<icon />
			<thumb />
			<property name="labelID">schermuitlijnen</property>
			<property name="defaultID" />
			<onclick>ActivateWindow(screencalibration)</onclick>
			<property name="path">ActivateWindow(screencalibration)</property>
			<visible>StringCompare(System.ProfileName,Master user) + [StringCompare(Container(9000).ListItem.Property(submenuVisibility),instellingen)]</visible>
			<property name="isSubmenu">True</property>
			<property name="group">instellingen</property>
		</item>
		<item id="2">
			<label>Onderhoud</label>
			<label2>Instellingen</label2>
			<icon>DefaultIconSettings.png</icon>
			<thumb />
			<property name="labelID">onderhoud</property>
			<property name="defaultID">20077</property>
			<onclick>ActivateWindow(SkinSettings)</onclick>
			<property name="path">ActivateWindow(SkinSettings)</property>
			<visible>StringCompare(System.ProfileName,Master user) + [StringCompare(Container(9000).ListItem.Property(submenuVisibility),instellingen)]</visible>
			<property name="isSubmenu">True</property>
			<property name="group">instellingen</property>
		</item>
		<item id="3">
			<label>WiFi Setup</label>
			<label2>Programma</label2>
			<icon>DefaultAddon.png</icon>
			<thumb>image://%2fusr%2fshare%2fxbmc%2faddons%2fservice.openelec.settings%2ficon.png/</thumb>
			<property name="labelID">service.openelec.settings</property>
			<property name="defaultID">service.openelec.settings</property>
			<onclick>RunAddOn(service.openelec.settings)</onclick>
			<property name="path">RunAddOn(service.openelec.settings)</property>
			<visible>StringCompare(System.ProfileName,Master user) + [StringCompare(Container(9000).ListItem.Property(submenuVisibility),instellingen)]</visible>
			<property name="isSubmenu">True</property>
			<property name="group">instellingen</property>
		</item>
		<item id="4">
			<label>$LOCALIZE[13009]</label>
			<label2>Kodi opdracht</label2>
			<icon>DefaultIconXBMC.png</icon>
			<thumb />
			<property name="labelID">13009</property>
			<property name="defaultID">13009</property>
			<onclick>ActivateWindow(shutdownmenu)</onclick>
			<property name="path">ActivateWindow(shutdownmenu)</property>
			<visible>StringCompare(System.ProfileName,Master user) + [StringCompare(Container(9000).ListItem.Property(submenuVisibility),instellingen)]</visible>
			<property name="isSubmenu">True</property>
			<property name="group">instellingen</property>
		</item>
	</include>
	<include name="skinshortcuts-allmenus">
		<item id="1">
			<label>Films Kijken</label>
			<label2>Favoriet</label2>
			<icon>DefaultFolder.png</icon>
			<thumb>special://skin/logos/nieuw.jpg</thumb>
			<property name="labelID">filmskijken</property>
			<property name="defaultID">films-kijken</property>
			<onclick>ActivateWindow(10025,"plugin://plugin.program.super.favourites/?label=Films Kijken&amp;mode=400&amp;path=special%3A%2F%2Fhome%2Fuserdata%2Faddon_data%2Fplugin.program.super.favourites%2FSuper%20Favourites%2FFilms%20Kijken",return)</onclick>
			<property name="path">ActivateWindow(10025,"plugin://plugin.program.super.favourites/?label=Films Kijken&amp;mode=400&amp;path=special%3A%2F%2Fhome%2Fuserdata%2Faddon_data%2Fplugin.program.super.favourites%2FSuper%20Favourites%2FFilms%20Kijken",return)</property>
			<visible>StringCompare(System.ProfileName,Master user)</visible>
			<property name="submenuVisibility">filmskijken</property>
			<property name="group">mainmenu</property>
			<property name="hasSubmenu">False</property>
		</item>
		<item id="2">
			<label>Series Kijken</label>
			<label2>Favoriet</label2>
			<icon>DefaultFolder.png</icon>
			<thumb>special://skin/logos/favoriten.jpg</thumb>
			<property name="labelID">serieskijken</property>
			<property name="defaultID">series-kijken</property>
			<onclick>ActivateWindow(10025,"plugin://plugin.program.super.favourites/?label=Series Kijken&amp;mode=400&amp;path=special%3A%2F%2Fhome%2Fuserdata%2Faddon_data%2Fplugin.program.super.favourites%2FSuper%20Favourites%2FSeries%20Kijken",return)</onclick>
			<property name="path">ActivateWindow(10025,"plugin://plugin.program.super.favourites/?label=Series Kijken&amp;mode=400&amp;path=special%3A%2F%2Fhome%2Fuserdata%2Faddon_data%2Fplugin.program.super.favourites%2FSuper%20Favourites%2FSeries%20Kijken",return)</property>
			<visible>StringCompare(System.ProfileName,Master user)</visible>
			<property name="submenuVisibility">serieskijken</property>
			<property name="group">mainmenu</property>
			<property name="hasSubmenu">False</property>
		</item>
		<item id="3">
			<label>Sports</label>
			<label2>Favoriet</label2>
			<icon>DefaultFolder.png</icon>
			<thumb>special://skin/logos/livesport.jpg</thumb>
			<property name="labelID">sports</property>
			<property name="defaultID">sports</property>
			<onclick>ActivateWindow(10025,"plugin://plugin.program.super.favourites/?label=Sports&amp;mode=400&amp;path=special%3A%2F%2Fhome%2Fuserdata%2Faddon_data%2Fplugin.program.super.favourites%2FSuper%20Favourites%2FSports",return)</onclick>
			<property name="path">ActivateWindow(10025,"plugin://plugin.program.super.favourites/?label=Sports&amp;mode=400&amp;path=special%3A%2F%2Fhome%2Fuserdata%2Faddon_data%2Fplugin.program.super.favourites%2FSuper%20Favourites%2FSports",return)</property>
			<visible>StringCompare(System.ProfileName,Master user)</visible>
			<property name="submenuVisibility">sports</property>
			<property name="group">mainmenu</property>
			<property name="hasSubmenu">False</property>
		</item>
		<item id="4">
			<label>Kids</label>
			<label2>Favoriet</label2>
			<icon>DefaultFolder.png</icon>
			<thumb>special://skin/logos/dutch.jpg</thumb>
			<property name="labelID">kids</property>
			<property name="defaultID">kids</property>
			<onclick>ActivateWindow(10025,"plugin://plugin.program.super.favourites/?label=Kids&amp;mode=400&amp;path=special%3A%2F%2Fhome%2Fuserdata%2Faddon_data%2Fplugin.program.super.favourites%2FSuper%20Favourites%2FKids",return)</onclick>
			<property name="path">ActivateWindow(10025,"plugin://plugin.program.super.favourites/?label=Kids&amp;mode=400&amp;path=special%3A%2F%2Fhome%2Fuserdata%2Faddon_data%2Fplugin.program.super.favourites%2FSuper%20Favourites%2FKids",return)</property>
			<visible>StringCompare(System.ProfileName,Master user)</visible>
			<property name="submenuVisibility">kids</property>
			<property name="group">mainmenu</property>
			<property name="hasSubmenu">False</property>
		</item>
		<item id="5">
			<label>Aflevering gemist</label>
			<label2>Favoriet</label2>
			<icon>DefaultFolder.png</icon>
			<thumb>/storage/.xbmc/addons/net.rieter.xot/icon.png</thumb>
			<property name="labelID">afleveringgemist</property>
			<property name="defaultID">nationaal</property>
			<onclick>ActivateWindow(10025,"plugin://net.rieter.xot/?action=listcategory&amp;category=National",return)</onclick>
			<property name="path">ActivateWindow(10025,"plugin://net.rieter.xot/?action=listcategory&amp;category=National",return)</property>
			<visible>StringCompare(System.ProfileName,Master user)</visible>
			<property name="submenuVisibility">afleveringgemist</property>
			<property name="group">mainmenu</property>
			<property name="hasSubmenu">False</property>
		</item>
		<item id="6">
			<label>Muziek</label>
			<label2>Favoriet</label2>
			<icon>DefaultFolder.png</icon>
			<thumb>special://skin/logos/streams.jpg</thumb>
			<property name="labelID">muziek</property>
			<property name="defaultID">muziek</property>
			<onclick>ActivateWindow(10025,"plugin://plugin.program.super.favourites/?label=Muziek&amp;mode=400&amp;path=special%3A%2F%2Fhome%2Fuserdata%2Faddon_data%2Fplugin.program.super.favourites%2FSuper%20Favourites%2FMuziek",return)</onclick>
			<property name="path">ActivateWindow(10025,"plugin://plugin.program.super.favourites/?label=Muziek&amp;mode=400&amp;path=special%3A%2F%2Fhome%2Fuserdata%2Faddon_data%2Fplugin.program.super.favourites%2FSuper%20Favourites%2FMuziek",return)</property>
			<visible>StringCompare(System.ProfileName,Master user)</visible>
			<property name="submenuVisibility">muziek</property>
			<property name="group">mainmenu</property>
			<property name="hasSubmenu">False</property>
		</item>
		<item id="7">
			<label>Extra</label>
			<label2>Favoriet</label2>
			<icon>DefaultFolder.png</icon>
			<thumb>special://home/addons/plugin.video.gamekings/icon.png</thumb>
			<property name="labelID">extra</property>
			<property name="defaultID">extra</property>
			<onclick>ActivateWindow(10025,"plugin://plugin.program.super.favourites/?label=Extra&amp;mode=400&amp;path=special%3A%2F%2Fhome%2Fuserdata%2Faddon_data%2Fplugin.program.super.favourites%2FSuper%20Favourites%2FExtra",return)</onclick>
			<property name="path">ActivateWindow(10025,"plugin://plugin.program.super.favourites/?label=Extra&amp;mode=400&amp;path=special%3A%2F%2Fhome%2Fuserdata%2Faddon_data%2Fplugin.program.super.favourites%2FSuper%20Favourites%2FExtra",return)</property>
			<visible>StringCompare(System.ProfileName,Master user)</visible>
			<property name="submenuVisibility">extra</property>
			<property name="group">mainmenu</property>
			<property name="hasSubmenu">False</property>
		</item>
		<item id="8">
			<label>Instellingen</label>
			<label2>Aangepaste snelkoppeling</label2>
			<icon>DefaultShortcut.png</icon>
			<thumb />
			<property name="labelID">instellingen</property>
			<property name="defaultID">instellingen</property>
			<onclick condition="StringCompare(Window(10000).Property(submenuVisibility),instellingen)">noop</onclick>
			<property name="path">noop</property>
			<visible>StringCompare(System.ProfileName,Master user)</visible>
			<property name="submenuVisibility">instellingen</property>
			<property name="group">mainmenu</property>
			<property name="hasSubmenu">True</property>
			<onclick>SetProperty(submenuVisibility,instellingen,10000)</onclick>
		</item>
		<item id="1">
			<label>Scherm uitlijnen</label>
			<label2>Aangepaste snelkoppeling</label2>
			<icon />
			<thumb />
			<property name="labelID">schermuitlijnen</property>
			<property name="defaultID" />
			<onclick>ActivateWindow(screencalibration)</onclick>
			<property name="path">ActivateWindow(screencalibration)</property>
			<visible>StringCompare(System.ProfileName,Master user) + [StringCompare(Window(10000).Property(submenuVisibility),instellingen)]</visible>
			<property name="isSubmenu">True</property>
			<property name="group">instellingen</property>
		</item>
		<item id="2">
			<label>Onderhoud</label>
			<label2>Instellingen</label2>
			<icon>DefaultIconSettings.png</icon>
			<thumb />
			<property name="labelID">onderhoud</property>
			<property name="defaultID">20077</property>
			<onclick>ActivateWindow(SkinSettings)</onclick>
			<property name="path">ActivateWindow(SkinSettings)</property>
			<visible>StringCompare(System.ProfileName,Master user) + [StringCompare(Window(10000).Property(submenuVisibility),instellingen)]</visible>
			<property name="isSubmenu">True</property>
			<property name="group">instellingen</property>
		</item>
		<item id="3">
			<label>WiFi Setup</label>
			<label2>Programma</label2>
			<icon>DefaultAddon.png</icon>
			<thumb>image://%2fusr%2fshare%2fxbmc%2faddons%2fservice.openelec.settings%2ficon.png/</thumb>
			<property name="labelID">service.openelec.settings</property>
			<property name="defaultID">service.openelec.settings</property>
			<onclick>RunAddOn(service.openelec.settings)</onclick>
			<property name="path">RunAddOn(service.openelec.settings)</property>
			<visible>StringCompare(System.ProfileName,Master user) + [StringCompare(Window(10000).Property(submenuVisibility),instellingen)]</visible>
			<property name="isSubmenu">True</property>
			<property name="group">instellingen</property>
		</item>
		<item id="4">
			<label>$LOCALIZE[13009]</label>
			<label2>Kodi opdracht</label2>
			<icon>DefaultIconXBMC.png</icon>
			<thumb />
			<property name="labelID">13009</property>
			<property name="defaultID">13009</property>
			<onclick>ActivateWindow(shutdownmenu)</onclick>
			<property name="path">ActivateWindow(shutdownmenu)</property>
			<visible>StringCompare(System.ProfileName,Master user) + [StringCompare(Window(10000).Property(submenuVisibility),instellingen)]</visible>
			<property name="isSubmenu">True</property>
			<property name="group">instellingen</property>
		</item>
	</include>
	<include name="skinshortcuts-group-filmskijken" />
	<include name="skinshortcuts-group-alt-filmskijken" />
	<include name="skinshortcuts-group-serieskijken" />
	<include name="skinshortcuts-group-alt-serieskijken" />
	<include name="skinshortcuts-group-sports" />
	<include name="skinshortcuts-group-alt-sports" />
	<include name="skinshortcuts-group-kids" />
	<include name="skinshortcuts-group-alt-kids" />
	<include name="skinshortcuts-group-afleveringgemist" />
	<include name="skinshortcuts-group-alt-afleveringgemist" />
	<include name="skinshortcuts-group-muziek" />
	<include name="skinshortcuts-group-alt-muziek" />
	<include name="skinshortcuts-group-extra" />
	<include name="skinshortcuts-group-alt-extra" />
	<include name="skinshortcuts-group-instellingen">
		<item id="1">
			<label>Scherm uitlijnen</label>
			<label2>Aangepaste snelkoppeling</label2>
			<icon />
			<thumb />
			<property name="labelID">schermuitlijnen</property>
			<property name="defaultID" />
			<onclick>ActivateWindow(screencalibration)</onclick>
			<property name="path">ActivateWindow(screencalibration)</property>
			<visible>StringCompare(System.ProfileName,Master user)</visible>
			<property name="group">instellingen</property>
		</item>
		<item id="2">
			<label>Onderhoud</label>
			<label2>Instellingen</label2>
			<icon>DefaultIconSettings.png</icon>
			<thumb />
			<property name="labelID">onderhoud</property>
			<property name="defaultID">20077</property>
			<onclick>ActivateWindow(SkinSettings)</onclick>
			<property name="path">ActivateWindow(SkinSettings)</property>
			<visible>StringCompare(System.ProfileName,Master user)</visible>
			<property name="group">instellingen</property>
		</item>
		<item id="3">
			<label>WiFi Setup</label>
			<label2>Programma</label2>
			<icon>DefaultAddon.png</icon>
			<thumb>image://%2fusr%2fshare%2fxbmc%2faddons%2fservice.openelec.settings%2ficon.png/</thumb>
			<property name="labelID">service.openelec.settings</property>
			<property name="defaultID">service.openelec.settings</property>
			<onclick>RunAddOn(service.openelec.settings)</onclick>
			<property name="path">RunAddOn(service.openelec.settings)</property>
			<visible>StringCompare(System.ProfileName,Master user)</visible>
			<property name="group">instellingen</property>
		</item>
		<item id="4">
			<label>$LOCALIZE[13009]</label>
			<label2>Kodi opdracht</label2>
			<icon>DefaultIconXBMC.png</icon>
			<thumb />
			<property name="labelID">13009</property>
			<property name="defaultID">13009</property>
			<onclick>ActivateWindow(shutdownmenu)</onclick>
			<property name="path">ActivateWindow(shutdownmenu)</property>
			<visible>StringCompare(System.ProfileName,Master user)</visible>
			<property name="group">instellingen</property>
		</item>
	</include>
	<include name="skinshortcuts-group-alt-instellingen">
		<item id="1">
			<label>Scherm uitlijnen</label>
			<label2>Aangepaste snelkoppeling</label2>
			<icon />
			<thumb />
			<property name="labelID">schermuitlijnen</property>
			<property name="defaultID" />
			<onclick>ActivateWindow(screencalibration)</onclick>
			<property name="path">ActivateWindow(screencalibration)</property>
			<visible>StringCompare(System.ProfileName,Master user) + [StringCompare(Window(10000).Property(submenuVisibility),instellingen)]</visible>
			<property name="isSubmenu">True</property>
			<property name="group">instellingen</property>
		</item>
		<item id="2">
			<label>Onderhoud</label>
			<label2>Instellingen</label2>
			<icon>DefaultIconSettings.png</icon>
			<thumb />
			<property name="labelID">onderhoud</property>
			<property name="defaultID">20077</property>
			<onclick>ActivateWindow(SkinSettings)</onclick>
			<property name="path">ActivateWindow(SkinSettings)</property>
			<visible>StringCompare(System.ProfileName,Master user) + [StringCompare(Window(10000).Property(submenuVisibility),instellingen)]</visible>
			<property name="isSubmenu">True</property>
			<property name="group">instellingen</property>
		</item>
		<item id="3">
			<label>WiFi Setup</label>
			<label2>Programma</label2>
			<icon>DefaultAddon.png</icon>
			<thumb>image://%2fusr%2fshare%2fxbmc%2faddons%2fservice.openelec.settings%2ficon.png/</thumb>
			<property name="labelID">service.openelec.settings</property>
			<property name="defaultID">service.openelec.settings</property>
			<onclick>RunAddOn(service.openelec.settings)</onclick>
			<property name="path">RunAddOn(service.openelec.settings)</property>
			<visible>StringCompare(System.ProfileName,Master user) + [StringCompare(Window(10000).Property(submenuVisibility),instellingen)]</visible>
			<property name="isSubmenu">True</property>
			<property name="group">instellingen</property>
		</item>
		<item id="4">
			<label>$LOCALIZE[13009]</label>
			<label2>Kodi opdracht</label2>
			<icon>DefaultIconXBMC.png</icon>
			<thumb />
			<property name="labelID">13009</property>
			<property name="defaultID">13009</property>
			<onclick>ActivateWindow(shutdownmenu)</onclick>
			<property name="path">ActivateWindow(shutdownmenu)</property>
			<visible>StringCompare(System.ProfileName,Master user) + [StringCompare(Window(10000).Property(submenuVisibility),instellingen)]</visible>
			<property name="isSubmenu">True</property>
			<property name="group">instellingen</property>
		</item>
	</include>
</includes>
