<?xml version="1.0" encoding="UTF-8"?>
<window>
	<defaultcontrol always="true">10</defaultcontrol>
	<allowoverlay>yes</allowoverlay>
	<onunload>RunScript(script.skinshortcuts,type=buildxml&amp;mode=single&amp;options=clonewidgets&amp;mainmenuID=9000)</onunload>
	<onunload>ClearProperty(Fanartgrabber,skinsettings)</onunload>
	<controls>

	<!--global includes-->
		<include>global_Background</include>
		<include>global_Includes</include>

		<control type="group">
			<left>65</left>
			<top>90</top>
			<include>transition_Content</include>

		<!--CATEGORIES-->
			<control type="grouplist" id="9001">
				<height>800</height>
				<itemgap>2</itemgap>
				<!--onderhoud-->
				<control type="group">
					<height>44</height>
					<control type="button" id="10">
						<label>Onderhoud</label>
						<onfocus>Skin.SetString(SkinSettings,Onderhoud)</onfocus>
						<onright>SetFocus(400)</onright>
						<onup>19</onup>
						<ondown>14</ondown>
						<include>settings_Menu</include>
					</control>
				</control>
				<!--updaten-->
				<control type="group">
					<height>44</height>
					<control type="button" id="14">
						<label>Updaten</label>
						<onfocus>Skin.SetString(SkinSettings,Updaten)</onfocus>
						<onup>10</onup>
						<onright>SetFocus(500)</onright>
						<ondown>15</ondown>
						<include>settings_Menu</include>
					</control>
				</control>
				<!--homescreen-->
				<control type="group">
					<height>44</height>
					<control type="button" id="15">
						<label>$LOCALIZE[31200]</label>
						<onfocus>Skin.SetString(SkinSettings,Home)</onfocus>
						<onup>14</onup>
						<onright>SetFocus(600)</onright>
						<ondown>16</ondown>
						<include>settings_Menu</include>
					</control>
				</control>
				<!--views/art-->
				<control type="group">
					<height>44</height>
					<control type="button" id="16">
						<label>$LOCALIZE[31202]</label>
						<onfocus>Skin.SetString(SkinSettings,Views)</onfocus>
						<onright>700</onright>
						<onup>15</onup>
						<ondown>18</ondown>
						<include>settings_Menu</include>
					</control>
				</control>
				<!--addons
				<control type="group">
					<height>44</height>
					<control type="button" id="17">
						<label>$LOCALIZE[24001]</label>
						<onfocus>Skin.SetString(SkinSettings,Addons)</onfocus>
						<onright>800</onright>
						<onup>16</onup>
						<ondown>18</ondown>
						<include>settings_Menu</include>
					</control>
				</control>-->
				<!--other-->
				<control type="group">
					<height>44</height>
					<control type="button" id="18">
						<label>$LOCALIZE[31203]</label>
						<onfocus>Skin.SetString(SkinSettings,Other)</onfocus>
						<onright>900</onright>
						<onup>16</onup>
						<ondown>19</ondown>
						<include>settings_Menu</include>
					</control>
				</control>
				<!--credits-->
				<control type="group">
					<height>44</height>
					<control type="button" id="19">
						<label>$LOCALIZE[31204] de Theme</label>
						<onfocus>Skin.SetString(SkinSettings,Credits)</onfocus>
						<onright>70</onright>
						<onup>18</onup>
						<ondown>10</ondown>
						<include>settings_Menu</include>
					</control>
				</control>
			</control>

			<control type="group">
				<left>302</left>
				<!--ONDERHOUD-->
				<control type="grouplist" id="400">
					<width>850</width>
					<height>598</height>
					<onleft>9001</onleft>
					<onright>70</onright>
					<onup>500</onup>
					<ondown>500</ondown>
					<itemgap>2</itemgap>
					<pagecontrol>70</pagecontrol>
					<visible>Skin.String(SkinSettings,Onderhoud)</visible>
			<!--onderhoud config-->
			<control type="button" id="123">
						<label>STANDAARD ONDERHOUD</label>
						<onclick>noop</onclick>
						<textcolor>Color2</textcolor>
						<include>settings_Listbutton</include>
					</control>
					<control type="button" id="124">
						<label>Cache en Add-ons opschonen kunt u eens in de maand uitvoeren.</label>
						<onclick>noop</onclick>
						<textcolor>FF00FF00</textcolor>
						<include>settings_Listbutton</include>
					</control>
					<control type="button" id="125">
            <label>- Onderhoud: Cache schoonmaken</label>
			<onclick>RunScript(special://skin/resources/cache.py)</onclick>
			<include>settings_Listbutton</include>
                    </control>
                    <control type="button" id="126">
            <label>- Onderhoud: Oude Add-on bestanden Opschonen</label>
			<onclick>RunScript(special://skin/resources/packages.py)</onclick>
			<include>settings_Listbutton</include>
                    </control>
                     <control type="button" id="136">
						<label>AFK-BOX TURBO TOEPASSEN!</label>
						<onclick>noop</onclick>
						<textcolor>Color2</textcolor>
						<include>settings_Listbutton</include>
					</control>
					<control type="button" id="137">
						<label>Selecteer uw juiste Config valt de box regelmatig uit kies dan een andere Config!</label>
						<onclick>noop</onclick>
						<textcolor>FFFF0000</textcolor>
						<include>settings_Listbutton</include>
					</control>
					<control type="button" id="138">
            <label>[  ] Standaard config toepassen</label>
			<onclick>RunScript(special://skin/resources/afkboxscript.py,standaard)</onclick>
			<include>settings_Listbutton</include>
                     </control>
                     <control type="button" id="139">
            <label>[  ] Turbo 1 config toepassen (voor AFK-Boxen met 2USB & 4USB aansluitingen)</label>
			<onclick>RunScript(special://skin/resources/afkboxscript.py,speed2)</onclick>
			<include>settings_Listbutton</include>
                     </control>
                     <control type="button" id="140">
            <label>[X] Turbo 2 config toepassen (voor AFK-Boxen met 4USB aansluitingen)</label>
			<onclick>RunScript(special://skin/resources/afkboxscript.py,speed4)</onclick>
			<include>settings_Listbutton</include>
                     </control>
                </control>

			<!--Updaten-->
				<control type="grouplist" id="500">
					<width>850</width>
					<height>598</height>
					<onleft>9001</onleft>
					<onright>70</onright>
					<onup>100</onup>
					<ondown>100</ondown>
					<itemgap>2</itemgap>
					<pagecontrol>70</pagecontrol>
					<visible>Skin.String(SkinSettings,Updaten)</visible>
					<control type="button" id="526">
						<label>UPDATE AFK-BOX SOFTWARE, LAATSTE GEINSTALLEERDE VERSIE: (18-12-2014)</label>
						<onclick>noop</onclick>
						<textcolor>Color2</textcolor>
						<include>settings_Listbutton</include>
			        </control>
			        <control type="button" id="527">
						<label>Als er een datum update is, kunt u de volgende 2 stappen uitvoeren.</label>
						<onclick>noop</onclick>
						<textcolor>FF00FF00</textcolor>
						<include>settings_Listbutton</include>
					</control>
	                <control type="button" id="528">
            <label>- (stap 1) Start het updaten van de AFK-Box</label>
			<onclick>RunScript(special://skin/resources/update.py)</onclick>
			<include>settings_Listbutton</include>
                     </control>
                     <control type="button" id="529">
            <label>- (stap 2) AFK-Box Herstarten</label>
			<onclick>restart</onclick>
			<include>settings_Listbutton</include>
                     </control>
                     <control type="button" id="530">
						<label>HERINSTALLATIE VAN AFK-BOX (Pas uitvoeren op aanwijzing van AFK medewerker)</label>
						<onclick>noop</onclick>
						<textcolor>Color2</textcolor>
						<include>settings_Listbutton</include>
			        </control>
			        <control type="button" id="531">
						<label>Herinstalleren van AFK-Box Software, u kunt de volgende 2 stappen uitvoeren.</label>
						<onclick>noop</onclick>
						<textcolor>FF00FF00</textcolor>
						<include>settings_Listbutton</include>
					</control>
	                <control type="button" id="532">
            <label>- (stap 1) Start het herstellen van de AFK-Box</label>
			<onclick>RunScript(special://skin/resources/herstel.py)</onclick>
			<include>settings_Listbutton</include>
                     </control>
                     <control type="button" id="533">
            <label>- (stap 2) AFK-Box Herstarten</label>
			<onclick>restart</onclick>
			<include>settings_Listbutton</include>
                     </control>
                     <control type="button" id="534">
						<label>BESTURINGSSYSTEEM GEAVANCEERD! (4.2.1 Gebruiken)</label>
						<onclick>noop</onclick>
						<textcolor>Color2</textcolor>
						<include>settings_Listbutton</include>
					</control>
                      <control type="button" id="535">
						<label>Weet u zeker dat uw besturingsSysteem geupdate moet worden?</label>
						<onclick>noop</onclick>
						<textcolor>FFFF0000</textcolor>
						<include>settings_Listbutton</include>
					</control>
					<control type="button" id="536">
						<label>Controleer eerst http://www.allefilmskijken.com/updaten</label>
						<onclick>noop</onclick>
						<textcolor>FFFF0000</textcolor>
						<include>settings_Listbutton</include>
					</control>
                     <control type="button" id="537">
            <label>- Updaten van BesturingsSysteem</label>
			<onclick>RunScript(script.openelec.devupdate)</onclick>
			<include>settings_Listbutton</include>
                     </control>
				</control>

			<!--HOMESCREEN-->
				<control type="grouplist" id="600">
					<width>850</width>
					<height>598</height>
					<onleft>9001</onleft>
					<onright>70</onright>
					<onup>100</onup>
					<ondown>100</ondown>
					<itemgap>2</itemgap>
					<pagecontrol>70</pagecontrol>
					<visible>Skin.String(SkinSettings,Home)</visible>
					<!--menu layout-->
					<control type="button" id="602">
						<label>$LOCALIZE[31206]</label>
						<label2>$VAR[home:MenuType]</label2>
						<onclick condition="IsEmpty(Skin.String(homemenu.type))">Skin.SetString(homemenu.type,vertical)</onclick>
						<onclick condition="StringCompare(Skin.String(homemenu.type),horizontal)">Skin.SetString(homemenu.type,vertical)</onclick>
						<onclick condition="StringCompare(Skin.String(homemenu.type),vertical)">Skin.SetString(homemenu.type,horizontal)</onclick>
						<include>settings_Listbutton</include>
					</control>
					<!--compact menu-->
					<control type="radiobutton" id="603">
						<label>$LOCALIZE[31209]</label>
						<onclick>Skin.ToggleSetting(homemenu.compact)</onclick>
						<selected>Skin.HasSetting(homemenu.compact)</selected>
						<include>settings_Radiobutton</include>
						<enable>Skin.HasSetting(widgets.disable) + StringCompare(Skin.String(homemenu.type),vertical)</enable>
					</control>
					<!--date & time-->
					<control type="radiobutton" id="641">
						<label>$LOCALIZE[14063]</label>
						<onclick>Skin.ToggleSetting(home.time)</onclick>
						<selected>Skin.HasSetting(home.time)</selected>
						<include>settings_Radiobutton</include>
					</control>
					<!--playing item on home-->
					<control type="radiobutton" id="642">
						<label>$LOCALIZE[31216]</label>
						<onclick>Skin.ToggleSetting(home.nowplaying)</onclick>
						<selected>Skin.HasSetting(home.nowplaying)</selected>
						<include>settings_Radiobutton</include>
					</control>
					<control type="button" id="643">
						<label>GEAVANCEERD</label>
						<onclick>noop</onclick>
						<textcolor>Color2</textcolor>
						<include>settings_Listbutton</include>
					</control>
					<!--home menu configuration-->
					<control type="button" id="601">
						<label>$LOCALIZE[31211]</label>
						<onclick>RunScript(script.skinshortcuts,type=manage&amp;nolabels=True&amp;group=mainmenu)</onclick>
						<include>settings_Listbutton</include>
					</control>
					<!--widgets
					<control type="radiobutton" id="610">
						<label>$LOCALIZE[31223]</label>
						<onclick>ClearProperty(Fanartgrabber,skinsettings)</onclick>
						<onclick>Skin.ToggleSetting(widgets.disable)</onclick>
						<selected>Skin.HasSetting(widgets.disable)</selected>
						<include>settings_Radiobutton</include>
					</control>
					<control type="radiobutton" id="611">
						<label>$LOCALIZE[31224]</label>
						<onclick>Skin.ToggleSetting(widgets.push)</onclick>
						<selected>Skin.HasSetting(widgets.push)</selected>
						<include>settings_Radiobutton</include>
						<enable>!Skin.HasSetting(widgets.disable)</enable>
					</control>
					<control type="radiobutton" id="612">
						<label>$LOCALIZE[31225]</label>
						<onclick>Skin.ToggleSetting(widgetheader.disable)</onclick>
						<selected>Skin.HasSetting(widgetheader.disable)</selected>
						<include>settings_Radiobutton</include>
						<enable>!Skin.HasSetting(widgets.disable) + !Skin.HasSetting(widgets.push)</enable>
					</control>
					<control type="button" id="620">
						<label>$LOCALIZE[31212]</label>
						<onclick>ClearProperty(Fanartgrabber,skinsettings)</onclick>
						<onclick>Skin.Reset(homebackground)</onclick>
						<onclick>Skin.Reset(home.background.image)</onclick>
						<onclick>Skin.SetString(homebackground,single)</onclick>
						<onclick>Skin.SetImage(home.background.image)</onclick>
						<include>settings_Listbutton</include>
					</control>
					<control type="button" id="621">
						<label>$LOCALIZE[31213]</label>
						<onclick>ClearProperty(Fanartgrabber,skinsettings)</onclick>
						<onclick>Skin.Reset(homebackground)</onclick>
						<onclick>Skin.Reset(home.background.folder)</onclick>
						<onclick>Skin.SetString(homebackground,multi)</onclick>
						<onclick>Skin.SetPath(home.background.folder)</onclick>
						<include>settings_Listbutton</include>
					</control>
					<control type="button" id="622">
						<label>$LOCALIZE[31214]</label>
						<onclick>ActivateWindow(65)</onclick>
						<include>settings_Radiobutton</include>
						<enable>System.HasAddon(script.grab.fanart)</enable>
					</control> -->
				</control>

			<!--VIEW SETTINGS-->
				<control type="grouplist" id="700">
					<width>850</width>
					<height>598</height>
					<onleft>9001</onleft>
					<onright>70</onright>
					<onup>700</onup>
					<ondown>700</ondown>
					<itemgap>2</itemgap>
					<pagecontrol>70</pagecontrol>
					<visible>Skin.String(SkinSettings,Views)</visible>
					<!--sortletter-->
					<control type="radiobutton" id="701">
						<label>$LOCALIZE[31251]</label>
						<onclick>Skin.ToggleSetting(sortletter.enable)</onclick>
						<selected>Skin.HasSetting(sortletter.enable)</selected>
						<include>settings_Radiobutton</include>
					</control>
					<!--fullscreen button-->
					<control type="button" id="702">
						<label>$LOCALIZE[31252]</label>
						<label2>$VAR[menu:Controls]</label2>
						<onclick condition="IsEmpty(Skin.String(menu.controls))">Skin.SetString(menu.controls,none)</onclick>
						<onclick condition="StringCompare(Skin.String(menu.controls),none)">Skin.SetString(menu.controls,player)</onclick>
						<onclick condition="StringCompare(Skin.String(menu.controls),player)">Skin.SetString(menu.controls,fullscreen)</onclick>
						<onclick condition="StringCompare(Skin.String(menu.controls),fullscreen)">Skin.SetString(menu.controls,none)</onclick>
						<include>settings_Listbutton</include>
					</control>
					<control type="radiobutton" id="703">
						<label>- $LOCALIZE[31283]</label>
						<onclick>Skin.ToggleSetting(menu.playlist)</onclick>
						<selected>Skin.HasSetting(menu.playlist)</selected>
						<enable>StringCompare(Skin.String(menu.controls),fullscreen)</enable>
						<include>settings_Radiobutton</include>
					</control>
					<!--autoscroll descriptions-->
					<control type="radiobutton" id="704">
						<label>$LOCALIZE[20189]</label>
						<onclick>Skin.ToggleSetting(autoscroll.enable)</onclick>
						<selected>Skin.HasSetting(autoscroll.enable)</selected>
						<include>settings_Radiobutton</include>
					</control>
					<!--movie ratings-->
					<control type="radiobutton" id="705">
						<label>$LOCALIZE[31250]</label>
						<onclick>Skin.ToggleSetting(ratings.enable)</onclick>
						<selected>Skin.HasSetting(ratings.enable)</selected>
						<include>settings_Radiobutton</include>
					</control>
					<!--media overlays-->
					<control type="radiobutton" id="706">
						<label>$LOCALIZE[31253]</label>
						<onclick>Skin.ToggleSetting(mediaoverlay.disable)</onclick>
						<selected>Skin.HasSetting(mediaoverlay.disable)</selected>
						<include>settings_Radiobutton</include>
					</control>
					<!--unwatched status-->
					<control type="radiobutton" id="710">
						<label>$LOCALIZE[31254]</label>
						<onclick>Skin.ToggleSetting(overlay.movies.disable)</onclick>
						<selected>Skin.HasSetting(overlay.movies.disable)</selected>
						<include>settings_Radiobutton</include>
					</control>
					<control type="radiobutton" id="711">
						<label>$LOCALIZE[31255]</label>
						<onclick>Skin.ToggleSetting(overlay.tvshows.disable)</onclick>
						<selected>Skin.HasSetting(overlay.tvshows.disable)</selected>
						<include>settings_Radiobutton</include>
					</control>
					<control type="radiobutton" id="712">
						<label>$LOCALIZE[31256]</label>
						<onclick>Skin.ToggleSetting(overlay.episodes.disable)</onclick>
						<selected>Skin.HasSetting(overlay.episodes.disable)</selected>
						<include>settings_Radiobutton</include>
					</control>
					<control type="radiobutton" id="713">
						<label>$LOCALIZE[31257]</label>
						<onclick>Skin.ToggleSetting(overlay.files.disable)</onclick>
						<selected>Skin.HasSetting(overlay.files.disable)</selected>
						<include>settings_Radiobutton</include>
					</control>
					<control type="radiobutton" id="714">
						<label>$LOCALIZE[31258]</label>
						<onclick>Skin.ToggleSetting(overlay.resumable.disable)</onclick>
						<selected>Skin.HasSetting(overlay.resumable.disable)</selected>
						<include>settings_Radiobutton</include>
					</control>
					<!--background video-->
					<control type="radiobutton" id="715">
						<label>$LOCALIZE[31215]</label>
						<onclick>Skin.ToggleSetting(backgroundvideo.global)</onclick>
						<selected>Skin.HasSetting(backgroundvideo.global)</selected>
						<include>settings_Radiobutton</include>
					</control>
					<!--scheduled recordings overlay-->
					<control type="radiobutton" id="719">
						<label>$LOCALIZE[31504]</label>
						<onclick>Skin.ToggleSetting(overlay.pvr)</onclick>
						<selected>Skin.HasSetting(overlay.pvr)</selected>
						<include>settings_Radiobutton</include>
					</control>
					<!--global artwork-->
					<control type="button" id="720">
						<label>ArtWork</label>
						<onclick>noop</onclick>
						<textcolor>Color2</textcolor>
						<include>settings_Listbutton</include>
			        </control>
					<!--global fanart-->
					<control type="radiobutton" id="721">
						<label>$LOCALIZE[31230]</label>
						<onclick>Skin.ToggleSetting(fanart.global)</onclick>
						<selected>!Skin.HasSetting(fanart.global)</selected>
						<include>settings_Radiobutton</include>
					</control>
					<!--weather fanart-->
					<control type="radiobutton" id="722">
						<label>$LOCALIZE[31231]</label>
						<onclick>Skin.ToggleSetting(fanart.weather)</onclick>
						<selected>Skin.HasSetting(fanart.weather)</selected>
						<include>settings_Radiobutton</include>
					</control>
					<control type="button" id="723">
						<label>- $LOCALIZE[31232]</label>
						<onclick>Skin.Reset(fanart.weather.path)</onclick>
						<onclick>Skin.SetPath(fanart.weather.path)</onclick>
						<label2>$INFO[Skin.String(fanart.weather.path)]</label2>
						<enable>Skin.HasSetting(fanart.weather)</enable>
						<include>settings_Listbutton</include>
						<visible>Skin.HasSetting(fanart.weather)</visible>
					</control>
					<!--visualization fanart-->
					<control type="radiobutton" id="724">
						<label>$LOCALIZE[31234]</label>
						<onclick>Skin.ToggleSetting(fanart.visualization)</onclick>
						<selected>Skin.HasSetting(fanart.visualization)</selected>
						<include>settings_Radiobutton</include>
					</control>
					<!--blend visualization & fanart-->
					<control type="radiobutton" id="725">
						<label>- $LOCALIZE[31235]</label>
						<onclick>Skin.ToggleSetting(fanart.visualization.blend)</onclick>
						<selected>Skin.HasSetting(fanart.visualization.blend)</selected>
						<visible>Skin.HasSetting(fanart.visualization)</visible>
						<enable>Skin.HasSetting(fanart.visualization)</enable>
						<include>settings_Radiobutton</include>
					</control>
					<!--tv show clearlogos-->
					<control type="radiobutton" id="726">
						<label>$LOCALIZE[31236]</label>
						<onclick>Skin.ToggleSetting(logos.tvshows.enable)</onclick>
						<selected>Skin.HasSetting(logos.tvshows.enable)</selected>
						<include>settings_Radiobutton</include>
						<enable>System.HasAddon(script.artwork.downloader)</enable>
					</control>
					<control type="button" id="727">
						<label>- $LOCALIZE[31238]</label>
						<onclick>XBMC.RunScript(script.artwork.downloader, mode=tvshow, silent=true, clearlogo)</onclick>
						<include>settings_Listbutton</include>
						<visible>Skin.HasSetting(logos.tvshows.enable)</visible>
					</control>
					<!--movie clearlogos-->
					<control type="radiobutton" id="728">
						<label>$LOCALIZE[31237]</label>
						<onclick>Skin.ToggleSetting(logos.movies.enable)</onclick>
						<selected>Skin.HasSetting(logos.movies.enable)</selected>
						<include>settings_Radiobutton</include>
						<enable>System.HasAddon(script.artwork.downloader)</enable>
					</control>
					<control type="button" id="729">
						<label>- $LOCALIZE[31238]</label>
						<onclick>XBMC.RunScript(script.artwork.downloader, mode=movie, silent=true, clearlogo)</onclick>
						<include>settings_Listbutton</include>
						<visible>Skin.HasSetting(logos.movies.enable)</visible>
					</control>
					<!--movie banners-->
					<control type="radiobutton" id="730">
						<label>$LOCALIZE[31239]</label>
						<onclick>Skin.ToggleSetting(banner.movies.enable)</onclick>
						<selected>Skin.HasSetting(banner.movies.enable)</selected>
						<include>settings_Radiobutton</include>
						<enable>System.HasAddon(script.artwork.downloader)</enable>
					</control>
					<control type="button" id="731">
						<label>- $LOCALIZE[31240]</label>
						<onclick>XBMC.RunScript(script.artwork.downloader, mode=movie, silent=true, banner)</onclick>
						<include>settings_Listbutton</include>
						<visible>Skin.HasSetting(banner.movies.enable)</visible>
					</control>
					<!--prefer landscape-->
					<control type="radiobutton" id="732">
						<label>$LOCALIZE[31241]</label>
						<onclick>Skin.ToggleSetting(landscapethumb.enable)</onclick>
						<selected>Skin.HasSetting(landscapethumb.enable)</selected>
						<include>settings_Radiobutton</include>
						<enable>System.HasAddon(script.artwork.downloader)</enable>
					</control>
					<control type="button" id="733">
						<label>- $LOCALIZE[31242]</label>
						<onclick>XBMC.RunScript(script.artwork.downloader, mode=custom, silent=true, landscape)</onclick>
						<include>settings_Listbutton</include>
						<visible>Skin.HasSetting(landscapethumb.enable)</visible>
					</control>
				</control>

			<!--ADDONS-->
				<control type="grouplist" id="800">
					<width>850</width>
					<height>598</height>
					<onleft>9001</onleft>
					<onright>7</onright>
					<onup>800</onup>
					<ondown>800</ondown>
					<itemgap>2</itemgap>
					<pagecontrol>70</pagecontrol>
					<visible>Skin.String(SkinSettings,Addons)</visible>
					<!--globalsearch-->
					<control type="radiobutton" id="801">
						<label>$LOCALIZE[31260]</label>
						<onclick>Skin.ToggleSetting(search.disable)</onclick>
						<selected>Skin.HasSetting(search.disable)</selected>
						<include>settings_Radiobutton</include>
						<enable>System.HasAddon(script.globalsearch)</enable>
					</control>
					<!--next aired-->
					<control type="radiobutton" id="802">
						<label>$LOCALIZE[31259]</label>
						<onclick>Skin.ToggleSetting(nextaired.disable)</onclick>
						<selected>Skin.HasSetting(nextaired.disable)</selected>
						<include>settings_Radiobutton</include>
						<enable>System.HasAddon(script.tv.show.next.aired)</enable>
					</control>
					<!--artistslideshow-->
					<control type="radiobutton" id="803">
						<label>$LOCALIZE[31261]</label>
						<onclick>Skin.ToggleSetting(artistslideshow.disable)</onclick>
						<selected>Skin.HasSetting(artistslideshow.disable)</selected>
						<include>settings_Radiobutton</include>
						<enable>System.HasAddon(script.artistslideshow)</enable>
					</control>
					<!--set default lyrics add-on-->
					<control type="button" id="804">
						<label>$LOCALIZE[31607]</label>
						<label2>$INFO[System.AddonTitle(Skin.String(addon.lyrics.path))]</label2>
						<onclick>Skin.SetAddon(addon.lyrics.path,xbmc.python.lyrics)</onclick>
						<include>settings_Listbutton</include>
					</control>
					<!--tvtunes-->
					<control type="radiobutton" id="805">
						<label>$LOCALIZE[31282]</label>
						<onclick>Skin.ToggleSetting(tvtunes.enable)</onclick>
						<selected>Skin.HasSetting(tvtunes.enable)</selected>
						<include>settings_Radiobutton</include>
						<enable>System.HasAddon(script.tvtunes)</enable>
					</control>
				</control>

			<!--OTHER-->
				<control type="grouplist" id="900">
					<width>850</width>
					<height>598</height>
					<onleft>9001</onleft>
					<onright>70</onright>
					<onup>900</onup>
					<ondown>900</ondown>
					<itemgap>2</itemgap>
					<pagecontrol>70</pagecontrol>
					<visible>Skin.String(SkinSettings,Other)</visible>
					<!--keyboard-->
					<control type="radiobutton" id="901">
						<label>$LOCALIZE[31263]</label>
						<onclick>Skin.ToggleSetting(keyboard.enable)</onclick>
						<selected>!Skin.HasSetting(keyboard.enable)</selected>
						<include>settings_Radiobutton</include>
					</control>
					<!--kiosk mode-->
					<control type="radiobutton" id="902">
						<label>$LOCALIZE[31264]</label>
						<onclick>Skin.ToggleSetting(global.kiosk)</onclick>
						<selected>Skin.HasSetting(global.kiosk)</selected>
						<include>settings_Radiobutton</include>
					</control>
					<!--clean library-->
					<control type="radiobutton" id="903">
						<label>$LOCALIZE[31265]</label>
						<onclick>Skin.ToggleSetting(cleanlibrary.enable)</onclick>
						<selected>Skin.HasSetting(cleanlibrary.enable)</selected>
						<include>settings_Radiobutton</include>
					</control>
					<!--globalsearch-->
					<control type="radiobutton" id="904">
						<label>$LOCALIZE[31260]</label>
						<onclick>Skin.ToggleSetting(search.disable)</onclick>
						<selected>Skin.HasSetting(search.disable)</selected>
						<include>settings_Radiobutton</include>
						<enable>System.HasAddon(script.globalsearch)</enable>
					</control>
					<!--next aired-->
					<control type="radiobutton" id="905">
						<label>$LOCALIZE[31259]</label>
						<onclick>Skin.ToggleSetting(nextaired.disable)</onclick>
						<selected>Skin.HasSetting(nextaired.disable)</selected>
						<include>settings_Radiobutton</include>
						<enable>System.HasAddon(script.tv.show.next.aired)</enable>
					</control>
					<!--artistslideshow-->
					<control type="radiobutton" id="906">
						<label>$LOCALIZE[31261]</label>
						<onclick>Skin.ToggleSetting(artistslideshow.disable)</onclick>
						<selected>Skin.HasSetting(artistslideshow.disable)</selected>
						<include>settings_Radiobutton</include>
						<enable>System.HasAddon(script.artistslideshow)</enable>
					</control>
					<!--set default lyrics add-on-->
					<control type="button" id="907">
						<label>$LOCALIZE[31607]</label>
						<label2>$INFO[System.AddonTitle(Skin.String(addon.lyrics.path))]</label2>
						<onclick>Skin.SetAddon(addon.lyrics.path,xbmc.python.lyrics)</onclick>
						<include>settings_Listbutton</include>
					</control>
					<!--tvtunes-->
					<control type="radiobutton" id="908">
						<label>$LOCALIZE[31282]</label>
						<onclick>Skin.ToggleSetting(tvtunes.enable)</onclick>
						<selected>Skin.HasSetting(tvtunes.enable)</selected>
						<include>settings_Radiobutton</include>
						<enable>System.HasAddon(script.tvtunes)</enable>
					</control>
				</control>

			<!--SKIN CREDITS-->
				<control type="grouplist" id="1000">
					<width>850</width>
					<height>598</height>
					<onleft>9001</onleft>
					<onright>70</onright>
					<onup>800</onup>
					<ondown>800</ondown>
					<itemgap>2</itemgap>
					<pagecontrol>70</pagecontrol>
					<visible>Skin.String(SkinSettings,Credits)</visible>
					<control type="grouplist" id="1000">
						<width>850</width>
						<height>44</height>
						<itemgap>2</itemgap>
						<orientation>horizontal</orientation>
						<control type="button" id="1001">
							<width>425</width>
							<label>[UPPERCASE]$LOCALIZE[31800][/UPPERCASE]</label>
							<onclick>noop</onclick>
							<textcolor>Color2</textcolor>
							<include>settings_Listbutton</include>
						</control>
						<control type="button" id="1002">
							<width>425</width>
							<label>[UPPERCASE]$LOCALIZE[19114][/UPPERCASE]</label>
							<onclick>noop</onclick>
							<textcolor>Color2</textcolor>
							<include>settings_Listbutton</include>
						</control>
					</control>
					<control type="grouplist" id="1003">
						<width>850</width>
						<height>44</height>
						<itemgap>2</itemgap>
						<orientation>horizontal</orientation>
						<control type="button" id="1004">
							<width>425</width>
							<label>Jeroen Pardon en Alle Films Kijken</label>
							<onclick>noop</onclick>
							<include>settings_Listbutton</include>
						</control>
						<control type="button" id="1005">
							<width>425</width>
							<label>$INFO[System.AddonVersion(skin.refocus)]</label>
							<onclick>noop</onclick>
							<include>settings_Listbutton</include>
						</control>
					</control>
					<control type="button" id="1006">
						<label>[UPPERCASE]$LOCALIZE[31801][/UPPERCASE]</label>
						<onclick>noop</onclick>
						<textcolor>Color2</textcolor>
						<include>settings_Listbutton</include>
					</control>
					<control type="button" id="1007">
						<label>Team-XBMC, de XBMC community, en JIJ voor het gebruikmaken van de AFK-Box!</label>
						<onclick>noop</onclick>
						<include>settings_Listbutton</include>
					</control>
					<control type="button" id="1008">
						<label>[UPPERCASE]$LOCALIZE[31802][/UPPERCASE]</label>
						<onclick>noop</onclick>
						<textcolor>Color2</textcolor>
						<include>settings_Listbutton</include>
					</control>
					<control type="button" id="1009">
						<label>Climacons by Adam Whitcroft - [B]adamwhitcroft.com/climacons[/B]</label>
						<onclick>noop</onclick>
						<include>settings_Listbutton</include>
					</control>
					<control type="button" id="10010">
						<label>[UPPERCASE]$LOCALIZE[31803][/UPPERCASE]</label>
						<onclick>noop</onclick>
						<textcolor>Color2</textcolor>
						<include>settings_Listbutton</include>
					</control>
					<control type="button" id="10020">
						<label>Alcatr4zz, bcubic, bo1e, Diazz, epoke, fabiodacosta, for1real, Frisson, Galefury, kolabor,</label>
						<onclick>noop</onclick>
						<include>settings_Listbutton</include>
					</control>
					<control type="button" id="10021">
						<label>legostrike, LoADrunner, mcmjau, NEOhidra, Okashu, peppe_sr, piodio, rosiste, samuelmanso,</label>
						<onclick>noop</onclick>
						<include>settings_Listbutton</include>
					</control>
					<control type="button" id="10022">
						<label>Seque, speedwings, thedarer, Zapata11, ZZRX, xurxo</label>
						<onclick>noop</onclick>
						<include>settings_Listbutton</include>
					</control>
					<control type="button" id="1040">
						<label>[UPPERCASE]$LOCALIZE[31804][/UPPERCASE]</label>
						<onclick>noop</onclick>
						<textcolor>Color2</textcolor>
						<include>settings_Listbutton</include>
					</control>
					<control type="button" id="1041">
						<label>$LOCALIZE[31806]</label>
						<onclick>noop</onclick>
						<include>settings_Listbutton</include>
					</control>
				</control>
			</control>
		</control>
		<control type="scrollbar" id="70">
			<left>1272</left>
			<height>screen_Height</height>
			<onleft>9001</onleft>
		</control>
		<control type="image">
			<left>75</left>
			<top>600</top>
			<width>200</width>
			<texture>logos/refocuslogo.png</texture>
			<aspectratio align="left">keep</aspectratio>
			<include>transition_Content</include>
		</control>
	</controls>
</window>