<favourites>
	<favourite name="HD releases" thumb="https://archive.org/download/NewReleases2/new%20releases2.png">ActivateWindow(10025,&quot;plugin://plugin.video.SkyNet/?fanart=http%3a%2f%2fsilenthunter.srve.io%2f%2fmain%2fnew%2520releases.jpg&amp;iconimage=https%3a%2f%2farchive.org%2fdownload%2fNewReleases2%2fnew%2520releases2.png&amp;mode=1&amp;name=%5bCOLOR%20white%5dNew%20Releases%5b%2fCOLOR%5d&amp;url=http%3a%2f%2fsilenthunter.srve.io%2fmain%2fnewreleases.xml&quot;)</favourite>
    <favourite name="New releases" thumb="http://armstrongeconomics-wp.s3.amazonaws.com/2016/01/2017-1.jpg">ActivateWindow(10025,&quot;plugin://plugin.video.SkyNet/?fanart=http%3a%2f%2fmaverickrepo.net%2fdata%2ffanart.jpg&amp;iconimage=http%3a%2f%2farmstrongeconomics-wp.s3.amazonaws.com%2f2016%2f01%2f2017-1.jpg&amp;mode=1&amp;name=%5bCOLOR%20lime%5d2017%20Movies%20-%20New%20Releases%5b%2fCOLOR%5d&amp;url=http%3a%2f%2fmaverickrepo.net%2fdata%2fmovies%2f2017.xml&quot;)</favourite>
    <favourite name="2017 Films" thumb="http://usatrancemovement.com/home/wp-content/uploads/2014/04/New-Releases-DVD-Shop-Display-Neon-Light-Sign.jpg">ActivateWindow(10025,&quot;plugin://plugin.video.SkyNet/?fanart=http%3a%2f%2fwww.wallpapermade.com%2fimages%2fwallpapers%2foriginals%2fstar-wars-rogue-one-wallpaper-6258.jpg&amp;iconimage=http%3a%2f%2fusatrancemovement.com%2fhome%2fwp-content%2fuploads%2f2014%2f04%2fNew-Releases-DVD-Shop-Display-Neon-Light-Sign.jpg&amp;mode=1&amp;name=%5bCOLOR%20lime%5d%5bB%5dNew%20Releases%202017%20Movies%5b%2fB%5d%5b%2fCOLOR%5d&amp;url=http%3a%2f%2fmaverickrepo.net%2fdata%2fmovies%2f2017.xml&quot;)</favourite>
    <favourite name="HD Kids Films" thumb="special://skin/logos/kidsmovie.png">ActivateWindow(10025,&quot;plugin://plugin.video.Drstream/?action=directory&amp;content=addons&amp;url=http%3a%2f%2fwolfpackcrew.co.uk%2fseeddata%2fbeausplace%2fkids-movies.xml&quot;)</favourite>
    <favourite name="4K &amp; DTS" thumb="http://lofrev.net/wp-content/photos/2017/03/4k_ultra_hd_logo.jpg">ActivateWindow(10025,&quot;plugin://plugin.program.super.favourites/?label=4k&amp;mode=400&amp;path=special%3A%2F%2Fhome%2Faddons%2Fplugin.video.afkmenu%2Fmenu%5CSuper+Favourites%5Cmappen%5C4k&amp;sf_options=winID%3D10025%26desc%3DReal+Debrid+Account+nodig!+meer+info:+goo.gl/GXrW8V.%26_options_sf&quot;)</favourite>
</favourites>