<favourites>
   <favourite name="Covenant Series" thumb="special://home/addons/plugin.video.afkmenu/logos/covenant.png">ActivateWindow(10025,&quot;plugin://plugin.program.super.favourites/?label=Covenant&amp;mode=400&amp;path=special%3A%2F%2Fhome%2Faddons%2Fplugin.video.afkmenu%2Fmenu%5CSuper+Favourites%5Cmappen%5Ccovenanttv&amp;sf_options=winID%3D10025%26desc%3DSeries+kijken+via+Covenant+Addon%26_options_sf&quot;)</favourite>
   <favourite name="Trakt" thumb="special://home/addons/plugin.video.afkmenu/logos/covenanttrakt.png">ActivateWindow(10025,&quot;plugin://plugin.program.super.favourites/?label=TraktCovenant&amp;mode=400&amp;path=special%3A%2F%2Fhome%2Faddons%2Fplugin.video.afkmenu%2Fmenu%5CSuper+Favourites%5Cmappen%5Ctraktcovenanttv&amp;sf_options=winID%3D10025%26desc%3DCovenant%26_options_sf&quot;)</favourite>
   <favourite name="Exodus Series" thumb="special://home/addons/plugin.video.afkmenu/logos/exodus.png">ActivateWindow(10025,&quot;plugin://plugin.program.super.favourites/?label=Exodus&amp;mode=400&amp;path=special%3A%2F%2Fhome%2Faddons%2Fplugin.video.afkmenu%2Fmenu%5CSuper+Favourites%5Cmappen%5Cexodustv&amp;sf_options=winID%3D10025%26desc%3DSeries+kijken+via+Exodus+Addon%26_options_sf&quot;)</favourite>
   <favourite name="Trakt" thumb="special://home/addons/plugin.video.afkmenu/logos/exodustrakt.png">ActivateWindow(10025,&quot;plugin://plugin.program.super.favourites/?label=TraktExodus&amp;mode=400&amp;path=special%3A%2F%2Fhome%2Faddons%2Fplugin.video.afkmenu%2Fmenu%5CSuper+Favourites%5Cmappen%5Ctraktexodustv&amp;sf_options=winID%3D10025%26desc%3DExodus%26_options_sf&quot;)</favourite>
   <favourite name="Specto Series" thumb="special://home/addons/plugin.video.afkmenu/logos/specto.png">ActivateWindow(10025,&quot;plugin://plugin.program.super.favourites/?label=Specto&amp;mode=400&amp;path=special%3A%2F%2Fhome%2Faddons%2Fplugin.video.afkmenu%2Fmenu%5CSuper+Favourites%5Cmappen%5Cspectotv&amp;sf_options=winID%3D10025%26desc%3DSeries+kijken+via+Specto+Addon%26_options_sf&quot;)</favourite>
   <favourite name="Trakt" thumb="special://home/addons/plugin.video.afkmenu/logos/spectotrakt.png">ActivateWindow(10025,&quot;plugin://plugin.program.super.favourites/?label=TraktSpecto&amp;mode=400&amp;path=special%3A%2F%2Fhome%2Faddons%2Fplugin.video.afkmenu%2Fmenu%5CSuper+Favourites%5Cmappen%5Ctraktspectotv&amp;sf_options=winID%3D10025%26desc%3DSpecto%26_options_sf&quot;)</favourite>
   <favourite name="Salts Series" thumb="special://home/addons/plugin.video.afkmenu/logos/salts.png">ActivateWindow(10025,&quot;plugin://plugin.program.super.favourites/?label=Salts&amp;mode=400&amp;path=special%3A%2F%2Fhome%2Faddons%2Fplugin.video.afkmenu%2Fmenu%5CSuper+Favourites%5Cmappen%5Csaltstv&amp;sf_options=winID%3D10025%26desc%3DSeries+kijken+via+Salts+Addon%26_options_sf&quot;)</favourite>
   <favourite name="Trakt" thumb="special://home/addons/plugin.video.afkmenu/logos/saltstrakt.png">ActivateWindow(10025,&quot;plugin://plugin.program.super.favourites/?label=TraktSalts&amp;mode=400&amp;path=special%3A%2F%2Fhome%2Faddons%2Fplugin.video.afkmenu%2Fmenu%5CSuper+Favourites%5Cmappen%5Ctraktsaltstv&amp;sf_options=winID%3D10025%26desc%3DSalts%26_options_sf&quot;)</favourite>
</favourites>