<favourites>
	<favourite name="Alles A-Z" thumb="special://skin/logos/gerne.png">ActivateWindow(10025,&quot;plugin://plugin.video.kissanime/?mode=SelectAZ&amp;url=http%3a%2f%2fkissanime.to%2fAnimeList&quot;)</favourite>
    <favourite name="Zoeken" thumb="special://skin/logos/zoeken.png">ActivateWindow(10025,&quot;plugin://plugin.video.kissanime/?mode=Search&amp;pagecount=1&amp;pageno=1&quot;)</favourite>
    <favourite name="Favorieten" thumb="special://skin/logos/favorites.png">ActivateWindow(10025,&quot;plugin://plugin.video.kissanime/?mode=FavoritesListSQL&quot;)</favourite>
    <favourite name="Meer Anime" thumb="special://skin/logos/anime.png">ActivateWindow(10025,&quot;plugin://plugin.video.cartoons8/?description&amp;iconimage=%2fstorage%2f.kodi%2faddons%2fplugin.video.cartoons8%2fanime.png&amp;mode=10&amp;name=Anime&amp;url=url&quot;)</favourite>
</favourites>